Equity,Sector,Qty,Value,%,Fund_Type,Fund_Name,Fund_Code,Time_Stamp
"Repco Home","Banking & Financial Services",150000,9.36,1.1,Midcap,"BNP Paribas Mid Cap Fund (G)",MAB045,"2018-02-28 00:00:00"
"Repco Home","Banking & Financial Services",150000,9.36,1.1,Midcap,"BNP Paribas Mid Cap Fund -Dir (G)",MAB726,"2018-02-28 00:00:00"
"Repco Home","Banking & Financial Services",590000,36.83,0.42,Diversified,"ABSL Equity Fund (G)",MAC006,"2018-02-28 00:00:00"
"Repco Home","Banking & Financial Services",5439,0.44,1.05,Diversified,"GS India Equity Fund (G)",MBM031,"2018-02-28 00:00:00"
"Repco Home","Banking & Financial Services",338,0.03,1.05,Diversified,"GS India Equity Fund - Direct (G)",MBM038,"2018-02-28 00:00:00"
"Repco Home","Banking & Financial Services",680882,42.5,0.71,Diversified,"ABSL Advantage Fund (G)",MBS022,"2018-02-28 00:00:00"
"Repco Home","Banking & Financial Services",110000,6.87,0.9,Diversified,"ABSL India GenNext (G)",MBS087,"2018-02-28 00:00:00"
"Repco Home","Banking & Financial Services",59913,3.85,1.45,Diversified,"ABSL Long Term Advan. (G)",MBS097,"2018-02-28 00:00:00"
"Repco Home","Banking & Financial Services",696854,43.5,2.15,Midcap,"ABSL Small and Midcap Fund (G)",MBS104,"2018-02-28 00:00:00"
"Repco Home","Banking & Financial Services",599666,37.43,2.38,Banking,"ABSL Bank&Financial; Ser -RP (G)",MBS1451,"2018-02-28 00:00:00"
"Repco Home","Banking & Financial Services",599666,37.43,2.38,Banking,"ABSL Bank&Financial; Ser -DP (G)",MBS1453,"2018-02-28 00:00:00"
"Repco Home","Banking & Financial Services",50212,3.13,3.11,Diversified,"ABSL Intl. Equity - B (G)",MBS205,"2018-02-28 00:00:00"
"Repco Home","Banking & Financial Services",145000,9.05,3.24,Midcap,"ABSL Emer. Leaders-Sr 6-RP (G)",MBS2055,"2018-02-28 00:00:00"
"Repco Home","Banking & Financial Services",145000,9.05,3.24,Midcap,"ABSL Emer. Leaders-Sr 6-DP (G)",MBS2057,"2018-02-28 00:00:00"
"Repco Home","Banking & Financial Services",680882,42.5,0.71,Diversified,"ABSL Advantage Fund -DIrect (G)",MBS807,"2018-02-28 00:00:00"
"Repco Home","Banking & Financial Services",590000,36.83,0.42,Diversified,"ABSL Equity Fund -Direct (G)",MBS811,"2018-02-28 00:00:00"
"Repco Home","Banking & Financial Services",110000,6.87,0.9,Diversified,"ABSL India GenNext-Direct (G)",MBS815,"2018-02-28 00:00:00"
"Repco Home","Banking & Financial Services",50212,3.13,3.11,Diversified,"ABSL Intl. Equity B -Direct (G)",MBS825,"2018-02-28 00:00:00"
"Repco Home","Banking & Financial Services",59913,3.85,1.45,Diversified,"ABSL Long Term Adv. -Direct (G)",MBS827,"2018-02-28 00:00:00"
"Repco Home","Banking & Financial Services",696854,43.5,2.15,Midcap,"ABSL Small & Midcap -Direct (G)",MBS833,"2018-02-28 00:00:00"
"Repco Home","Banking & Financial Services",1255776,78.39,1.45,Midcap,"DSP BR Small & Mid Cap - Regular (G)",MDS056,"2018-02-28 00:00:00"
"Repco Home","Banking & Financial Services",1837763,114.71,1.77,Midcap,"DSP BR Micro Cap Fund - Regular (G)",MDS076,"2018-02-28 00:00:00"
"Repco Home","Banking & Financial Services",1255776,78.39,1.45,Midcap,"DSP BR Small & Mid Cap - Direct (G)",MDS574,"2018-02-28 00:00:00"
"Repco Home","Banking & Financial Services",1837763,114.71,1.77,Midcap,"DSP BR Micro Cap Fund - Direct (G)",MDS584,"2018-02-28 00:00:00"
"Repco Home","Banking & Financial Services",218842,13.66,1.96,Diversified,"Franklin India Oppor. (G)",MKP028,"2018-02-28 00:00:00"
"Repco Home","Banking & Financial Services",584610,36.49,1.26,Banking,"ICICI Pru Bkg&Fin; Serv -Direct (G)",MPI1138,"2018-02-28 00:00:00"
"Repco Home","Banking & Financial Services",584610,36.49,1.26,Banking,"ICICI Pru Bkg & Fin Serv-RP(G)",MPI447,"2018-02-28 00:00:00"
"Repco Home","Banking & Financial Services",47550,2.99,2.59,Diversified,"Essel Equity Fund (G)",MPM034,"2018-02-28 00:00:00"
"Repco Home","Banking & Financial Services",10460,0.66,2.59,Diversified,"Essel Equity Fund - Direct (G)",MPM040,"2018-02-28 00:00:00"
"Repco Home","Banking & Financial Services",343322,21.43,0.53,Midcap,"SBI Magnum Midcap Fund (G)",MSB065,"2018-02-28 00:00:00"
"Repco Home","Banking & Financial Services",343322,21.43,0.53,Midcap,"SBI Magnum Midcap Fund - Direct (G)",MSB505,"2018-02-28 00:00:00"
"Repco Home","Banking & Financial Services",420000,26.22,1.12,Diversified,"Sundaram Rural India Fund (G)",MSN097,"2018-02-28 00:00:00"
"Repco Home","Banking & Financial Services",42440,2.65,1.09,Midcap,"Sundaram Select Micro Cap-Sr 5-RP-G",MSN1035,"2018-02-28 00:00:00"
"Repco Home","Banking & Financial Services",42440,2.65,1.09,Midcap,"Sundaram Select Micro Cap-Sr 5-DP-G",MSN1037,"2018-02-28 00:00:00"
"Repco Home","Banking & Financial Services",63760,3.98,1.1,Midcap,"Sundaram Select Micro Cap-Sr 6-RP-G",MSN1045,"2018-02-28 00:00:00"
"Repco Home","Banking & Financial Services",63760,3.98,1.1,Midcap,"Sundaram Select Micro Cap-Sr 6-DP-G",MSN1047,"2018-02-28 00:00:00"
"Repco Home","Banking & Financial Services",34240,2.14,1.09,Midcap,"Sundaram Select Micro Cap-Sr 7-RP-G",MSN1049,"2018-02-28 00:00:00"
"Repco Home","Banking & Financial Services",34240,2.14,1.09,Midcap,"Sundaram Select Micro Cap-Sr 7-DP-G",MSN1051,"2018-02-28 00:00:00"
"Repco Home","Banking & Financial Services",25440,1.59,1.08,Midcap,"Sundaram Select Micro Cap-Sr 8-RP-G",MSN1180,"2018-02-28 00:00:00"
"Repco Home","Banking & Financial Services",25440,1.59,1.08,Midcap,"Sundaram Select Micro Cap-Sr 8-DP-G",MSN1182,"2018-02-28 00:00:00"
"Repco Home","Banking & Financial Services",15092,0.94,1.09,Midcap,"Sundaram Select Micro Cap-Sr 9-RP-G",MSN1185,"2018-02-28 00:00:00"
"Repco Home","Banking & Financial Services",15092,0.94,1.09,Midcap,"Sundaram Select Micro Cap-Sr 9-DP-G",MSN1187,"2018-02-28 00:00:00"
"Repco Home","Banking & Financial Services",9759,0.61,1.08,Midcap,"Sundaram Select Micro Cap-Sr 10-RP-G",MSN1199,"2018-02-28 00:00:00"
"Repco Home","Banking & Financial Services",9759,0.61,1.08,Midcap,"Sundaram Select Micro Cap-Sr 10-DP-G",MSN1201,"2018-02-28 00:00:00"
"Repco Home","Banking & Financial Services",43756,2.73,2.15,Midcap,"Sundaram Select Micro Cap-Sr 11-RP-G",MSN1292,"2018-02-28 00:00:00"
"Repco Home","Banking & Financial Services",43756,2.73,2.15,Midcap,"Sundaram Select Micro Cap-Sr 11-DP-G",MSN1294,"2018-02-28 00:00:00"
"Repco Home","Banking & Financial Services",32199,2.01,2.17,Midcap,"Sundaram Select Micro Cap-Sr 12-RP-G",MSN1300,"2018-02-28 00:00:00"
"Repco Home","Banking & Financial Services",32199,2.01,2.17,Midcap,"Sundaram Select Micro Cap-Sr 12-DP-G",MSN1302,"2018-02-28 00:00:00"
"Repco Home","Banking & Financial Services",35026,2.19,1.38,Midcap,"Sundaram Select Micro Cap-Sr 14-RP-G",MSN1324,"2018-02-28 00:00:00"
"Repco Home","Banking & Financial Services",35026,2.19,1.38,Midcap,"Sundaram Select Micro Cap-Sr 14-DP-G",MSN1326,"2018-02-28 00:00:00"
"Repco Home","Banking & Financial Services",33900,2.12,1.37,Midcap,"Sundaram Select Micro Cap-Sr 15-RP-G",MSN1341,"2018-02-28 00:00:00"
"Repco Home","Banking & Financial Services",33900,2.12,1.37,Midcap,"Sundaram Select Micro Cap-Sr 15-DP-G",MSN1343,"2018-02-28 00:00:00"
"Repco Home","Banking & Financial Services",21759,1.36,1.35,Midcap,"Sundaram Select Micro Cap-Sr 16-DP-G",MSN1359,"2018-02-28 00:00:00"
"Repco Home","Banking & Financial Services",9030,0.56,0.66,Midcap,"Sundaram Select Micro Cap-Sr 17-RP-G",MSN1361,"2018-02-28 00:00:00"
"Repco Home","Banking & Financial Services",9030,0.56,0.66,Midcap,"Sundaram Select Micro Cap-Sr 17-DP-G",MSN1363,"2018-02-28 00:00:00"
"Repco Home","Banking & Financial Services",21000,1.31,0.76,Banking,"Sundaram Fin-Serv. Opp.-RP (G)",MSN227,"2018-02-28 00:00:00"
"Repco Home","Banking & Financial Services",21000,1.31,0.76,Banking,"Sundaram Fin-Serv. Opp.-IP (G)",MSN229,"2018-02-28 00:00:00"
"Repco Home","Banking & Financial Services",21000,1.31,0.76,Banking,"Sundaram Fin-Serv Opp. -Direct (G)",MSN549,"2018-02-28 00:00:00"
"Repco Home","Banking & Financial Services",420000,26.22,1.12,Diversified,"Sundaram Rural India -Direct (G)",MSN574,"2018-02-28 00:00:00"
"Repco Home","Banking & Financial Services",23371,1.46,1.05,Midcap,"Sundaram Select Micro Cap-Sr 1-RP-G",MSN795,"2018-02-28 00:00:00"
"Repco Home","Banking & Financial Services",23371,1.46,1.05,Midcap,"Sundaram Select Micro Cap-Sr 1-DP-G",MSN797,"2018-02-28 00:00:00"
"Repco Home","Banking & Financial Services",15528,0.97,1.04,Midcap,"Sundaram Select Micro Cap-Sr 2-RP-G",MSN837,"2018-02-28 00:00:00"
"Repco Home","Banking & Financial Services",15528,0.97,1.04,Midcap,"Sundaram Select Micro Cap-Sr 2-DP-G",MSN839,"2018-02-28 00:00:00"
"Repco Home","Banking & Financial Services",12936,0.81,1.04,Midcap,"Sundaram Select Micro Cap-Sr 3-RP-G",MSN841,"2018-02-28 00:00:00"
"Repco Home","Banking & Financial Services",12936,0.81,1.04,Midcap,"Sundaram Select Micro Cap-Sr 3-DP-G",MSN843,"2018-02-28 00:00:00"
"Repco Home","Banking & Financial Services",9767,0.61,1.06,Midcap,"Sundaram Select Micro Cap-Sr 4-RP-G",MSN867,"2018-02-28 00:00:00"
"Repco Home","Banking & Financial Services",9767,0.61,1.06,Midcap,"Sundaram Select Micro Cap-Sr 4-DP-G",MSN869,"2018-02-28 00:00:00"
"Repco Home","Banking & Financial Services",505000,31.52,1.05,Diversified,"Franklin (I) Flexi Cap (G)",MTE078,"2018-02-28 00:00:00"
"Repco Home","Banking & Financial Services",3335705,208.21,2.86,Midcap,"Franklin (I) Smaller Cos (G)",MTE090,"2018-02-28 00:00:00"
"Repco Home","Banking & Financial Services",3335705,208.21,2.86,Midcap,"Franklin (I) Smaller Co -Direct (G)",MTE313,"2018-02-28 00:00:00"
"Repco Home","Banking & Financial Services",218842,13.66,1.96,Diversified,"Franklin (I) Opport. - Direct (G)",MTE319,"2018-02-28 00:00:00"
"Repco Home","Banking & Financial Services",505000,31.52,1.05,Diversified,"Franklin (I) Flexi Cap -Direct (G)",MTE327,"2018-02-28 00:00:00"
"Repco Home","Banking & Financial Services",55000,3.43,1.15,Midcap,"Union SCF -RP (G)",MUK089,"2018-02-28 00:00:00"
"Repco Home","Banking & Financial Services",55000,3.43,1.15,Midcap,"Union SCF -DP (G)",MUK091,"2018-02-28 00:00:00"
"Repco Home","Banking & Financial Services",10800,0.67,0.08,Arbitrage,"L&T; Arbitrage Oppor. - Regular (G)",MCC502,"2018-03-04 00:00:00"
"Repco Home","Banking & Financial Services",10800,0.67,0.08,Arbitrage,"L&T; Arbitrage Oppor. - Direct (G)",MCC504,"2018-03-04 00:00:00"
"Repco Home","Banking & Financial Services",70200,4.38,0.1,Arbitrage,"HDFC Arbitrage Fund - Direct (G)",MHD1171,"2018-03-04 00:00:00"
"Repco Home","Banking & Financial Services",70200,4.38,0.1,Arbitrage,"HDFC Arbitrage Fund - WP - DP (G)",MHD2147,"2018-03-04 00:00:00"
"Repco Home","Banking & Financial Services",70200,4.38,0.1,Arbitrage,"HDFC Arbitrage Fund - RP (G)",MHD225,"2018-03-04 00:00:00"
"Repco Home","Banking & Financial Services",70200,4.38,0.1,Arbitrage,"HDFC Arbitrage Fund - WP (G)",MHD228,"2018-03-04 00:00:00"
"Repco Home","Banking & Financial Services",6300,0.39,0.01,Arbitrage,"JM Arbitrage Advantage (G)",MJM068,"2018-03-04 00:00:00"
"Repco Home","Banking & Financial Services",6300,0.39,0.01,Arbitrage,"JM Arbitrage Advantage -Direct (G)",MJM330,"2018-03-04 00:00:00"
"Repco Home","Banking & Financial Services",294300,18.37,0.13,Arbitrage,"Kotak Equity Arbitrage - Regular (G)",MKM079,"2018-03-04 00:00:00"
"Repco Home","Banking & Financial Services",294300,18.37,0.13,Arbitrage,"Kotak Equity Arbitrage - Direct (G)",MKM526,"2018-03-04 00:00:00"
"Repco Home","Banking & Financial Services",10800,0.67,0.01,Arbitrage,"Reliance Arbitrage Advantage (G)",MRC600,"2018-03-04 00:00:00"
"Repco Home","Banking & Financial Services",10800,0.67,0.01,Arbitrage,"Reliance Arbitrage Adv.- Direct (G)",MRC899,"2018-03-04 00:00:00"
"Repco Home","Banking & Financial Services",74700,4.66,0.22,Arbitrage,"UTI SPrEAD Fund (G)",MUT102,"2018-03-04 00:00:00"
"Repco Home","Banking & Financial Services",74700,4.66,0.22,Arbitrage,"UTI SPrEAD Fund - Direct (G)",MUT712,"2018-03-04 00:00:00"
"Repco Home","Banking & Financial Services",773226,43.66,0.31,Balanced,"ABSL Bal. 95 Fund (G)",MAC001,"2018-03-28 00:00:00"
"Repco Home","Banking & Financial Services",590000,33.31,0.39,Diversified,"ABSL Equity Fund (G)",MAC006,"2018-03-28 00:00:00"
"Repco Home","Banking & Financial Services",680882,38.44,0.66,Diversified,"ABSL Advantage Fund (G)",MBS022,"2018-03-28 00:00:00"
"Repco Home","Banking & Financial Services",263828,14.9,0.62,MIPA,"ABSL MIP II-Wealth 25 (G)",MBS061,"2018-03-28 00:00:00"
"Repco Home","Banking & Financial Services",110000,6.21,0.82,Diversified,"ABSL India GenNext (G)",MBS087,"2018-03-28 00:00:00"
"Repco Home","Banking & Financial Services",696854,39.34,1.9,Midcap,"ABSL Small and Midcap Fund (G)",MBS104,"2018-03-28 00:00:00"
"Repco Home","Banking & Financial Services",599666,33.86,2.33,Banking,"ABSL Bank&Financial; Ser -RP (G)",MBS1451,"2018-03-28 00:00:00"
"Repco Home","Banking & Financial Services",599666,33.86,2.33,Banking,"ABSL Bank&Financial; Ser -DP (G)",MBS1453,"2018-03-28 00:00:00"
"Repco Home","Banking & Financial Services",50212,2.84,2.91,Diversified,"ABSL Intl. Equity - B (G)",MBS205,"2018-03-28 00:00:00"
"Repco Home","Banking & Financial Services",145000,8.19,3.05,Midcap,"ABSL Emer. Leaders-Sr 6-RP (G)",MBS2055,"2018-03-28 00:00:00"
"Repco Home","Banking & Financial Services",145000,8.19,3.05,Midcap,"ABSL Emer. Leaders-Sr 6-DP (G)",MBS2057,"2018-03-28 00:00:00"
"Repco Home","Banking & Financial Services",680882,38.44,0.66,Diversified,"ABSL Advantage Fund -DIrect (G)",MBS807,"2018-03-28 00:00:00"
"Repco Home","Banking & Financial Services",590000,33.31,0.39,Diversified,"ABSL Equity Fund -Direct (G)",MBS811,"2018-03-28 00:00:00"
"Repco Home","Banking & Financial Services",110000,6.21,0.82,Diversified,"ABSL India GenNext-Direct (G)",MBS815,"2018-03-28 00:00:00"
"Repco Home","Banking & Financial Services",50212,2.84,2.91,Diversified,"ABSL Intl. Equity B -Direct (G)",MBS825,"2018-03-28 00:00:00"
"Repco Home","Banking & Financial Services",696854,39.34,1.9,Midcap,"ABSL Small & Midcap -Direct (G)",MBS833,"2018-03-28 00:00:00"
"Repco Home","Banking & Financial Services",773226,43.66,0.31,Balanced,"ABSL Bal. 95 Fund -Direct (G)",MBS849,"2018-03-28 00:00:00"
"Repco Home","Banking & Financial Services",1255776,70.9,1.32,Midcap,"DSP BR Mid Cap - Regular (G)",MDS056,"2018-03-28 00:00:00"
"Repco Home","Banking & Financial Services",785963,44.38,1.14,ELSS,"DSP BR Tax Saver Fund - Regular (G)",MDS060,"2018-03-28 00:00:00"
"Repco Home","Banking & Financial Services",1837763,103.76,1.67,Midcap,"DSP BR Small Cap Fund - Regular (G)",MDS076,"2018-03-28 00:00:00"
"Repco Home","Banking & Financial Services",785963,44.38,1.14,ELSS,"DSP BR Tax Saver Fund - Direct (G)",MDS572,"2018-03-28 00:00:00"
"Repco Home","Banking & Financial Services",1255776,70.9,1.32,Midcap,"DSP BR Mid Cap - Direct (G)",MDS574,"2018-03-28 00:00:00"
"Repco Home","Banking & Financial Services",1837763,103.76,1.67,Midcap,"DSP BR Small Cap Fund - Direct (G)",MDS584,"2018-03-28 00:00:00"
"Repco Home","Banking & Financial Services",33300,1.88,0.03,MIPA,"HDFC Equity saving Fund (G)",MHD046,"2018-03-28 00:00:00"
"Repco Home","Banking & Financial Services",123300,6.96,0.15,Arbitrage,"HDFC Arbitrage Fund - Direct (G)",MHD1171,"2018-03-28 00:00:00"
"Repco Home","Banking & Financial Services",33300,1.88,0.03,MIPA,"HDFC Equity saving Fund - Direct Plan (G",MHD1217,"2018-03-28 00:00:00"
"Repco Home","Banking & Financial Services",123300,6.96,0.15,Arbitrage,"HDFC Arbitrage Fund - WP - DP (G)",MHD2147,"2018-03-28 00:00:00"
"Repco Home","Banking & Financial Services",123300,6.96,0.15,Arbitrage,"HDFC Arbitrage Fund - RP (G)",MHD225,"2018-03-28 00:00:00"
"Repco Home","Banking & Financial Services",123300,6.96,0.15,Arbitrage,"HDFC Arbitrage Fund - WP (G)",MHD228,"2018-03-28 00:00:00"
"Repco Home","Banking & Financial Services",133170,7.52,0.23,Balanced,"ABSL BAF (G)",MIN007,"2018-03-28 00:00:00"
"Repco Home","Banking & Financial Services",133170,7.52,0.23,Balanced,"ABSL BAF - Direct (G)",MIN389,"2018-03-28 00:00:00"
"Repco Home","Banking & Financial Services",6300,0.39,0.01,Arbitrage,"JM Arbitrage Advantage (G)",MJM068,"2018-03-28 00:00:00"
"Repco Home","Banking & Financial Services",6300,0.39,0.01,Arbitrage,"JM Arbitrage Advantage -Direct (G)",MJM330,"2018-03-28 00:00:00"
"Repco Home","Banking & Financial Services",326700,18.45,0.13,Arbitrage,"Kotak Equity Arbitrage - Regular (G)",MKM079,"2018-03-28 00:00:00"
"Repco Home","Banking & Financial Services",326700,18.45,0.13,Arbitrage,"Kotak Equity Arbitrage - Direct (G)",MKM526,"2018-03-28 00:00:00"
"Repco Home","Banking & Financial Services",413934,23.37,0.68,ELSS,"Franklin India Tax Shield (G)",MKP007,"2018-03-28 00:00:00"
"Repco Home","Banking & Financial Services",248911,14.05,2.13,Diversified,"Franklin India Oppor. (G)",MKP028,"2018-03-28 00:00:00"
"Repco Home","Banking & Financial Services",153595,8.67,3.12,ELSS,"Mahindra MF KBY - RP (G)",MMH009,"2018-03-28 00:00:00"
"Repco Home","Banking & Financial Services",153595,8.67,3.12,ELSS,"Mahindra MF KBY - DP (G)",MMH011,"2018-03-28 00:00:00"
"Repco Home","Banking & Financial Services",47019,2.65,0.81,Balanced,"Mahindra MF DSESY - RP (G)",MMH013,"2018-03-28 00:00:00"
"Repco Home","Banking & Financial Services",47019,2.65,0.81,Balanced,"Mahindra MF DSESY - DP (G)",MMH015,"2018-03-28 00:00:00"
"Repco Home","Banking & Financial Services",54678,3.09,0.12,Banking,"ICICI Pru Bkg&Fin; Serv -Direct (G)",MPI1138,"2018-03-28 00:00:00"
"Repco Home","Banking & Financial Services",54678,3.09,0.12,Banking,"ICICI Pru Bkg & Fin Serv-RP(G)",MPI447,"2018-03-28 00:00:00"
"Repco Home","Banking & Financial Services",6275,0.39,0.52,MIPA,"Essel Income Plus Fund (G)",MPM025,"2018-03-28 00:00:00"
"Repco Home","Banking & Financial Services",47550,2.99,2.59,Diversified,"Essel Equity Fund (G)",MPM034,"2018-03-28 00:00:00"
"Repco Home","Banking & Financial Services",10460,0.66,2.59,Diversified,"Essel Equity Fund - Direct (G)",MPM040,"2018-03-28 00:00:00"
"Repco Home","Banking & Financial Services",200,0.01,0.52,MIPA,"Essel Income Plus - Direct (G)",MPM042,"2018-03-28 00:00:00"
"Repco Home","Banking & Financial Services",40000,2.26,0.14,MIPC,"SBI Magnum MIP (G)",MSB021,"2018-03-28 00:00:00"
"Repco Home","Banking & Financial Services",343322,19.38,0.49,Midcap,"SBI Magnum Midcap Fund (G)",MSB065,"2018-03-28 00:00:00"
"Repco Home","Banking & Financial Services",343322,19.38,0.49,Midcap,"SBI Magnum Midcap Fund - Direct (G)",MSB505,"2018-03-28 00:00:00"
"Repco Home","Banking & Financial Services",40000,2.26,0.14,MIPC,"SBI Magnum MIP - Direct (G)",MSB538,"2018-03-28 00:00:00"
"Repco Home","Banking & Financial Services",430000,24.28,1.02,Diversified,"Sundaram Rural India Fund (G)",MSN097,"2018-03-28 00:00:00"
"Repco Home","Banking & Financial Services",24920,1.41,0.6,Midcap,"Sundaram Select Micro Cap-Sr 5-RP-G",MSN1035,"2018-03-28 00:00:00"
"Repco Home","Banking & Financial Services",24920,1.41,0.6,Midcap,"Sundaram Select Micro Cap-Sr 5-DP-G",MSN1037,"2018-03-28 00:00:00"
"Repco Home","Banking & Financial Services",63760,3.6,1.03,Midcap,"Sundaram Select Micro Cap-Sr 6-RP-G",MSN1045,"2018-03-28 00:00:00"
"Repco Home","Banking & Financial Services",34240,1.93,1.03,Midcap,"Sundaram Select Micro Cap-Sr 7-RP-G",MSN1049,"2018-03-28 00:00:00"
"Repco Home","Banking & Financial Services",34240,1.93,1.03,Midcap,"Sundaram Select Micro Cap-Sr 7-DP-G",MSN1051,"2018-03-28 00:00:00"
"Repco Home","Banking & Financial Services",25440,1.44,1.02,Midcap,"Sundaram Select Micro Cap-Sr 8-RP-G",MSN1180,"2018-03-28 00:00:00"
"Repco Home","Banking & Financial Services",25440,1.44,1.02,Midcap,"Sundaram Select Micro Cap-Sr 8-DP-G",MSN1182,"2018-03-28 00:00:00"
"Repco Home","Banking & Financial Services",15092,0.85,1.02,Midcap,"Sundaram Select Micro Cap-Sr 9-RP-G",MSN1185,"2018-03-28 00:00:00"
"Repco Home","Banking & Financial Services",15092,0.85,1.02,Midcap,"Sundaram Select Micro Cap-Sr 9-DP-G",MSN1187,"2018-03-28 00:00:00"
"Repco Home","Banking & Financial Services",9759,0.55,1.02,Midcap,"Sundaram Select Micro Cap-Sr 10-RP-G",MSN1199,"2018-03-28 00:00:00"
"Repco Home","Banking & Financial Services",9759,0.55,1.02,Midcap,"Sundaram Select Micro Cap-Sr 10-DP-G",MSN1201,"2018-03-28 00:00:00"
"Repco Home","Banking & Financial Services",43756,2.47,2.03,Midcap,"Sundaram Select Micro Cap-Sr 11-RP-G",MSN1292,"2018-03-28 00:00:00"
"Repco Home","Banking & Financial Services",43756,2.47,2.03,Midcap,"Sundaram Select Micro Cap-Sr 11-DP-G",MSN1294,"2018-03-28 00:00:00"
"Repco Home","Banking & Financial Services",32199,1.82,2.06,Midcap,"Sundaram Select Micro Cap-Sr 12-RP-G",MSN1300,"2018-03-28 00:00:00"
"Repco Home","Banking & Financial Services",32199,1.82,2.06,Midcap,"Sundaram Select Micro Cap-Sr 12-DP-G",MSN1302,"2018-03-28 00:00:00"
"Repco Home","Banking & Financial Services",35026,1.98,1.3,Midcap,"Sundaram Select Micro Cap-Sr 14-RP-G",MSN1324,"2018-03-28 00:00:00"
"Repco Home","Banking & Financial Services",35026,1.98,1.3,Midcap,"Sundaram Select Micro Cap-Sr 14-DP-G",MSN1326,"2018-03-28 00:00:00"
"Repco Home","Banking & Financial Services",33900,1.91,1.28,Midcap,"Sundaram Select Micro Cap-Sr 15-RP-G",MSN1341,"2018-03-28 00:00:00"
"Repco Home","Banking & Financial Services",21759,1.23,1.27,Midcap,"Sundaram Select Micro Cap-Sr 16-RP-G",MSN1357,"2018-03-28 00:00:00"
"Repco Home","Banking & Financial Services",14420,0.81,0.99,Midcap,"Sundaram Select Micro Cap-Sr 17-RP-G",MSN1361,"2018-03-28 00:00:00"
"Repco Home","Banking & Financial Services",14420,0.81,0.99,Midcap,"Sundaram Select Micro Cap-Sr 17-DP-G",MSN1363,"2018-03-28 00:00:00"
"Repco Home","Banking & Financial Services",28145,1.59,0.98,Banking,"Sundaram Fin-Serv. Opp.-RP (G)",MSN227,"2018-03-28 00:00:00"
"Repco Home","Banking & Financial Services",28145,1.59,0.98,Banking,"Sundaram Fin-Serv. Opp.-IP (G)",MSN229,"2018-03-28 00:00:00"
"Repco Home","Banking & Financial Services",28145,1.59,0.98,Banking,"Sundaram Fin-Serv Opp. -Direct (G)",MSN549,"2018-03-28 00:00:00"
"Repco Home","Banking & Financial Services",430000,24.28,1.02,Diversified,"Sundaram Rural India -Direct (G)",MSN574,"2018-03-28 00:00:00"
"Repco Home","Banking & Financial Services",23371,1.32,0.99,Midcap,"Sundaram Select Micro Cap-Sr 1-RP-G",MSN795,"2018-03-28 00:00:00"
"Repco Home","Banking & Financial Services",23371,1.32,0.99,Midcap,"Sundaram Select Micro Cap-Sr 1-DP-G",MSN797,"2018-03-28 00:00:00"
"Repco Home","Banking & Financial Services",15528,0.88,0.98,Midcap,"Sundaram Select Micro Cap-Sr 2-RP-G",MSN837,"2018-03-28 00:00:00"
"Repco Home","Banking & Financial Services",15528,0.88,0.98,Midcap,"Sundaram Select Micro Cap-Sr 2-DP-G",MSN839,"2018-03-28 00:00:00"
"Repco Home","Banking & Financial Services",0,0,0.98,Midcap,"Sundaram Select Micro Cap-Sr 3-RP-G",MSN841,"2018-03-28 00:00:00"
"Repco Home","Banking & Financial Services",9767,0.55,1,Midcap,"Sundaram Select Micro Cap-Sr 4-RP-G",MSN867,"2018-03-28 00:00:00"
"Repco Home","Banking & Financial Services",9767,0.55,1,Midcap,"Sundaram Select Micro Cap-Sr 4-DP-G",MSN869,"2018-03-28 00:00:00"
"Repco Home","Banking & Financial Services",505000,28.51,0.99,Diversified,"Franklin (I) Flexi Cap (G)",MTE078,"2018-03-28 00:00:00"
"Repco Home","Banking & Financial Services",3335705,188.33,2.64,Midcap,"Franklin (I) Smaller Cos (G)",MTE090,"2018-03-28 00:00:00"
"Repco Home","Banking & Financial Services",413934,23.37,0.68,ELSS,"Franklin (I) Tax Shield -Direct (G)",MTE311,"2018-03-28 00:00:00"
"Repco Home","Banking & Financial Services",3335705,188.33,2.64,Midcap,"Franklin (I) Smaller Co -Direct (G)",MTE313,"2018-03-28 00:00:00"
"Repco Home","Banking & Financial Services",248911,14.05,2.13,Diversified,"Franklin (I) Opport. - Direct (G)",MTE319,"2018-03-28 00:00:00"
"Repco Home","Banking & Financial Services",505000,28.51,0.99,Diversified,"Franklin (I) Flexi Cap -Direct (G)",MTE327,"2018-03-28 00:00:00"
"Repco Home","Banking & Financial Services",55000,3.11,1.01,Midcap,"Union SCF -RP (G)",MUK089,"2018-03-28 00:00:00"
"Repco Home","Banking & Financial Services",55000,3.11,1.01,Midcap,"Union SCF -DP (G)",MUK091,"2018-03-28 00:00:00"
"Repco Home","Banking & Financial Services",74700,4.22,0.18,Arbitrage,"UTI SPrEAD Fund (G)",MUT102,"2018-03-28 00:00:00"
"Repco Home","Banking & Financial Services",74700,4.22,0.18,Arbitrage,"UTI SPrEAD Fund - Direct (G)",MUT712,"2018-03-28 00:00:00"
"Repco Home","Banking & Financial Services",756226,44.65,0.31,Balanced,"ABSL Equity Hybrid '95 Fund (G)",MAC001,"2018-06-28 00:00:00"
"Repco Home","Banking & Financial Services",590000,34.83,0.37,Diversified,"ABSL Equity Fund (G)",MAC006,"2018-06-28 00:00:00"
"Repco Home","Banking & Financial Services",680882,40.2,0.66,Diversified,"ABSL Equity Advantage Fund (G)",MBS022,"2018-06-28 00:00:00"
"Repco Home","Banking & Financial Services",263828,15.58,0.67,MIPA,"ABSL Regular Savings Fund (G)",MBS061,"2018-06-28 00:00:00"
"Repco Home","Banking & Financial Services",110000,6.49,0.8,Diversified,"ABSL India GenNext (G)",MBS087,"2018-06-28 00:00:00"
"Repco Home","Banking & Financial Services",764854,45.16,1.99,Midcap,"ABSL Small Cap Fund (G)",MBS104,"2018-06-28 00:00:00"
"Repco Home","Banking & Financial Services",599666,35.4,2.27,Banking,"ABSL Bank&Financial; Ser -RP (G)",MBS1451,"2018-06-28 00:00:00"
"Repco Home","Banking & Financial Services",599666,35.4,2.27,Banking,"ABSL Bank&Financial; Ser -DP (G)",MBS1453,"2018-06-28 00:00:00"
"Repco Home","Banking & Financial Services",50212,2.96,3.2,Diversified,"ABSL Intl. Equity - B (G)",MBS205,"2018-06-28 00:00:00"
"Repco Home","Banking & Financial Services",145000,8.56,3.2,Midcap,"ABSL Emer. Leaders-Sr 6-RP (G)",MBS2055,"2018-06-28 00:00:00"
"Repco Home","Banking & Financial Services",145000,8.56,3.2,Midcap,"ABSL Emer. Leaders-Sr 6-DP (G)",MBS2057,"2018-06-28 00:00:00"
"Repco Home","Banking & Financial Services",680882,40.2,0.66,Diversified,"ABSL Equity Advantage Fund - D (G)",MBS807,"2018-06-28 00:00:00"
"Repco Home","Banking & Financial Services",590000,34.83,0.37,Diversified,"ABSL Equity Fund -Direct (G)",MBS811,"2018-06-28 00:00:00"
"Repco Home","Banking & Financial Services",110000,6.49,0.8,Diversified,"ABSL India GenNext-Direct (G)",MBS815,"2018-06-28 00:00:00"
"Repco Home","Banking & Financial Services",50212,2.96,3.2,Diversified,"ABSL Intl. Equity B -Direct (G)",MBS825,"2018-06-28 00:00:00"
"Repco Home","Banking & Financial Services",764854,45.16,1.99,Midcap,"ABSL Small Cap Fund - D (G)",MBS833,"2018-06-28 00:00:00"
"Repco Home","Banking & Financial Services",756226,44.65,0.31,Balanced,"ABSL Equity Hybrid '95 Fund - D (G)",MBS849,"2018-06-28 00:00:00"
"Repco Home","Banking & Financial Services",1255776,74.14,1.34,Midcap,"DSP BR Mid Cap - Regular (G)",MDS056,"2018-06-28 00:00:00"
"Repco Home","Banking & Financial Services",785963,46.4,1.08,ELSS,"DSP BR Tax Saver Fund - Regular (G)",MDS060,"2018-06-28 00:00:00"
"Repco Home","Banking & Financial Services",1837763,108.5,1.88,Midcap,"DSP BR Small Cap Fund - Regular (G)",MDS076,"2018-06-28 00:00:00"
"Repco Home","Banking & Financial Services",785963,46.4,1.08,ELSS,"DSP BR Tax Saver Fund - Direct (G)",MDS572,"2018-06-28 00:00:00"
"Repco Home","Banking & Financial Services",1255776,74.14,1.34,Midcap,"DSP BR Mid Cap - Direct (G)",MDS574,"2018-06-28 00:00:00"
"Repco Home","Banking & Financial Services",1837763,108.5,1.88,Midcap,"DSP BR Small Cap Fund - Direct (G)",MDS584,"2018-06-28 00:00:00"
"Repco Home","Banking & Financial Services",53100,3.14,0.04,MIPA,"HDFC Equity Savings Fund (G)",MHD046,"2018-06-28 00:00:00"
"Repco Home","Banking & Financial Services",53100,3.14,0.04,MIPA,"HDFC Equity Savings Fund - Direct Plan (",MHD1217,"2018-06-28 00:00:00"
"Repco Home","Banking & Financial Services",132218,7.81,0.23,Balanced,"ABSL BAF (G)",MIN007,"2018-06-28 00:00:00"
"Repco Home","Banking & Financial Services",132218,7.81,0.23,Balanced,"ABSL BAF - Direct (G)",MIN389,"2018-06-28 00:00:00"
"Repco Home","Banking & Financial Services",40500,2.61,0.07,Balanced,"JM Equity Hybrid Fund (G)",MJM004,"2018-06-28 00:00:00"
"Repco Home","Banking & Financial Services",6300,0.41,0.02,Arbitrage,"JM Arbitrage Fund (G)",MJM068,"2018-06-28 00:00:00"
"Repco Home","Banking & Financial Services",40500,2.61,0.07,Balanced,"JM Equity Hybrid Fund - D (G)",MJM328,"2018-06-28 00:00:00"
"Repco Home","Banking & Financial Services",6300,0.41,0.02,Arbitrage,"JM Arbitrage Fund - D (G)",MJM330,"2018-06-28 00:00:00"
"Repco Home","Banking & Financial Services",14400,0.85,0.01,Arbitrage,"Kotak Equity Arbitrage - Regular (G)",MKM079,"2018-06-28 00:00:00"
"Repco Home","Banking & Financial Services",14400,0.85,0.01,Arbitrage,"Kotak Equity Arbitrage - Direct (G)",MKM526,"2018-06-28 00:00:00"
"Repco Home","Banking & Financial Services",413934,24.44,0.66,ELSS,"Franklin India Tax Shield (G)",MKP007,"2018-06-28 00:00:00"
"Repco Home","Banking & Financial Services",248911,14.7,2.26,Diversified,"Franklin India Oppor. (G)",MKP028,"2018-06-28 00:00:00"
"Repco Home","Banking & Financial Services",153595,9.07,3.1,ELSS,"Mahindra MF KBY - RP (G)",MMH009,"2018-06-28 00:00:00"
"Repco Home","Banking & Financial Services",153595,9.07,3.1,ELSS,"Mahindra MF KBY - DP (G)",MMH011,"2018-06-28 00:00:00"
"Repco Home","Banking & Financial Services",47019,2.78,0.86,Balanced,"Mahindra MF DSESY - RP (G)",MMH013,"2018-06-28 00:00:00"
"Repco Home","Banking & Financial Services",47019,2.78,0.86,Balanced,"Mahindra MF DSESY - DP (G)",MMH015,"2018-06-28 00:00:00"
"Repco Home","Banking & Financial Services",6275,0.39,0.52,MIPA,"Essel Regular Savings (G)",MPM025,"2018-06-28 00:00:00"
"Repco Home","Banking & Financial Services",47550,2.99,2.59,Diversified,"Essel Large Cap Equity (G)",MPM034,"2018-06-28 00:00:00"
"Repco Home","Banking & Financial Services",10460,0.66,2.59,Diversified,"Essel Large Cap Equity - D (G)",MPM040,"2018-06-28 00:00:00"
"Repco Home","Banking & Financial Services",200,0.01,0.52,MIPA,"Essel Regular Savings - Direct (G)",MPM042,"2018-06-28 00:00:00"
"Repco Home","Banking & Financial Services",24920,1.41,0.6,Midcap,"Sundaram Select Micro Cap-Sr 5-RP-G",MSN1035,"2018-06-28 00:00:00"
"Repco Home","Banking & Financial Services",24920,1.41,0.6,Midcap,"Sundaram Select Micro Cap-Sr 5-DP-G",MSN1037,"2018-06-28 00:00:00"
"Repco Home","Banking & Financial Services",3335705,196.94,2.67,Midcap,"Franklin (I) Smaller Cos (G)",MTE090,"2018-06-28 00:00:00"
"Repco Home","Banking & Financial Services",413934,24.44,0.66,ELSS,"Franklin (I) Tax Shield -Direct (G)",MTE311,"2018-06-28 00:00:00"
"Repco Home","Banking & Financial Services",3335705,196.94,2.67,Midcap,"Franklin (I) Smaller Co -Direct (G)",MTE313,"2018-06-28 00:00:00"
"Repco Home","Banking & Financial Services",248911,14.7,2.26,Diversified,"Franklin (I) Opport. - Direct (G)",MTE319,"2018-06-28 00:00:00"
"Repco Home","Banking & Financial Services",80000,4.72,1.47,Midcap,"Union SCF -RP (G)",MUK089,"2018-06-28 00:00:00"
"Repco Home","Banking & Financial Services",80000,4.72,1.47,Midcap,"Union SCF -DP (G)",MUK091,"2018-06-28 00:00:00"
"Repco Home","Banking & Financial Services",703149,38.87,0.29,Balanced,"ABSL Equity Hybrid '95 Fund (G)",MAC001,"2018-07-27 00:00:00"
"Repco Home","Banking & Financial Services",472384,26.16,0.35,Diversified,"ABSL Equity Fund (G)",MAC006,"2018-07-27 00:00:00"
"Repco Home","Banking & Financial Services",552268,30.58,0.63,Diversified,"ABSL Equity Advantage Fund (G)",MBS022,"2018-07-27 00:00:00"
"Repco Home","Banking & Financial Services",206657,11.42,0.51,MIPA,"ABSL Regular Savings Fund (G)",MBS061,"2018-07-27 00:00:00"
"Repco Home","Banking & Financial Services",629707,34.81,1.94,Midcap,"ABSL Small Cap Fund (G)",MBS104,"2018-07-27 00:00:00"
"Repco Home","Banking & Financial Services",527442,29.16,2.16,Banking,"ABSL Bank&Financial; Ser -RP (G)",MBS1451,"2018-07-27 00:00:00"
"Repco Home","Banking & Financial Services",70614,3.9,2.16,Banking,"ABSL Bank&Financial; Ser -DP (G)",MBS1453,"2018-07-27 00:00:00"
"Repco Home","Banking & Financial Services",51435,2.85,3.1,Diversified,"ABSL Intl. Equity - B (G)",MBS205,"2018-07-27 00:00:00"
"Repco Home","Banking & Financial Services",152105,8.42,3.17,Midcap,"ABSL Emer. Leaders-Sr 6-RP (G)",MBS2055,"2018-07-27 00:00:00"
"Repco Home","Banking & Financial Services",1443,0.08,3.17,Midcap,"ABSL Emer. Leaders-Sr 6-DP (G)",MBS2057,"2018-07-27 00:00:00"
"Repco Home","Banking & Financial Services",132979,7.36,0.63,Diversified,"ABSL Equity Advantage Fund - D (G)",MBS807,"2018-07-27 00:00:00"
"Repco Home","Banking & Financial Services",108372,6,0.35,Diversified,"ABSL Equity Fund -Direct (G)",MBS811,"2018-07-27 00:00:00"
"Repco Home","Banking & Financial Services",638,0.04,3.1,Diversified,"ABSL Intl. Equity B -Direct (G)",MBS825,"2018-07-27 00:00:00"
"Repco Home","Banking & Financial Services",159720,8.83,1.94,Midcap,"ABSL Small Cap Fund - D (G)",MBS833,"2018-07-27 00:00:00"
"Repco Home","Banking & Financial Services",57368,3.17,0.29,Balanced,"ABSL Equity Hybrid '95 Fund - D (G)",MBS849,"2018-07-27 00:00:00"
"Repco Home","Banking & Financial Services",1158916,64.06,1.32,Midcap,"DSP BR Mid Cap - Regular (G)",MDS056,"2018-07-27 00:00:00"
"Repco Home","Banking & Financial Services",699556,38.67,1.03,ELSS,"DSP BR Tax Saver Fund - Regular (G)",MDS060,"2018-07-27 00:00:00"
"Repco Home","Banking & Financial Services",1736986,96.18,1.93,Midcap,"DSP BR Small Cap Fund - Regular (G)",MDS076,"2018-07-27 00:00:00"
"Repco Home","Banking & Financial Services",96902,5.36,1.03,ELSS,"DSP BR Tax Saver Fund - Direct (G)",MDS572,"2018-07-27 00:00:00"
"Repco Home","Banking & Financial Services",157235,8.69,1.32,Midcap,"DSP BR Mid Cap - Direct (G)",MDS574,"2018-07-27 00:00:00"
"Repco Home","Banking & Financial Services",312261,17.29,1.93,Midcap,"DSP BR Small Cap Fund - Direct (G)",MDS584,"2018-07-27 00:00:00"
"Repco Home","Banking & Financial Services",24337,1.35,0.02,MIPA,"HDFC Equity Savings Fund (G)",MHD046,"2018-07-27 00:00:00"
"Repco Home","Banking & Financial Services",2906,0.16,0.02,MIPA,"HDFC Equity Savings Fund - Direct Plan (",MHD1217,"2018-07-27 00:00:00"
"Repco Home","Banking & Financial Services",128270,7.09,0.23,Balanced,"ABSL BAF (G)",MIN007,"2018-07-27 00:00:00"
"Repco Home","Banking & Financial Services",11243,0.62,0.23,Balanced,"ABSL BAF - Direct (G)",MIN389,"2018-07-27 00:00:00"
"Repco Home","Banking & Financial Services",14762,0.82,0.06,Balanced,"JM Equity Hybrid Fund (G)",MJM004,"2018-07-27 00:00:00"
"Repco Home","Banking & Financial Services",25323,1.4,0.06,Balanced,"JM Equity Hybrid Fund - D (G)",MJM328,"2018-07-27 00:00:00"
"Repco Home","Banking & Financial Services",368019,20.34,0.63,ELSS,"Franklin India Tax Shield (G)",MKP007,"2018-07-27 00:00:00"
"Repco Home","Banking & Financial Services",223250,12.36,2.2,Diversified,"Franklin India Oppor. (G)",MKP028,"2018-07-27 00:00:00"
"Repco Home","Banking & Financial Services",151451,8.37,2.92,ELSS,"Mahindra MF KBY - RP (G)",MMH009,"2018-07-27 00:00:00"
"Repco Home","Banking & Financial Services",2673,0.15,2.92,ELSS,"Mahindra MF KBY - DP (G)",MMH011,"2018-07-27 00:00:00"
"Repco Home","Banking & Financial Services",48396,2.68,0.83,Balanced,"Mahindra MF DSESY - RP (G)",MMH013,"2018-07-27 00:00:00"
"Repco Home","Banking & Financial Services",363,0.02,0.83,Balanced,"Mahindra MF DSESY - DP (G)",MMH015,"2018-07-27 00:00:00"
"Repco Home","Banking & Financial Services",6275,0.39,0.52,MIPA,"Essel Regular Savings (G)",MPM025,"2018-07-27 00:00:00"
"Repco Home","Banking & Financial Services",47550,2.99,2.59,Diversified,"Essel Large Cap Equity (G)",MPM034,"2018-07-27 00:00:00"
"Repco Home","Banking & Financial Services",10460,0.66,2.59,Diversified,"Essel Large Cap Equity - D (G)",MPM040,"2018-07-27 00:00:00"
"Repco Home","Banking & Financial Services",200,0.01,0.52,MIPA,"Essel Regular Savings - Direct (G)",MPM042,"2018-07-27 00:00:00"
"Repco Home","Banking & Financial Services",24920,1.41,0.6,Midcap,"Sundaram Select Micro Cap-Sr 5-RP-G",MSN1035,"2018-07-27 00:00:00"
"Repco Home","Banking & Financial Services",24920,1.41,0.6,Midcap,"Sundaram Select Micro Cap-Sr 5-DP-G",MSN1037,"2018-07-27 00:00:00"
"Repco Home","Banking & Financial Services",2704906,149.77,2.59,Midcap,"Franklin (I) Smaller Cos (G)",MTE090,"2018-07-27 00:00:00"
"Repco Home","Banking & Financial Services",44353,2.45,0.63,ELSS,"Franklin (I) Tax Shield -Direct (G)",MTE311,"2018-07-27 00:00:00"
"Repco Home","Banking & Financial Services",722534,40.01,2.59,Midcap,"Franklin (I) Smaller Co -Direct (G)",MTE313,"2018-07-27 00:00:00"
"Repco Home","Banking & Financial Services",32017,1.77,2.2,Diversified,"Franklin (I) Opport. - Direct (G)",MTE319,"2018-07-27 00:00:00"
"Repco Home","Banking & Financial Services",96031,5.31,1.7,Midcap,"Union SCF -RP (G)",MUK089,"2018-07-27 00:00:00"
"Repco Home","Banking & Financial Services",3798,0.21,1.7,Midcap,"Union SCF -DP (G)",MUK091,"2018-07-27 00:00:00"
"Repco Home","Banking & Financial Services",703149,38.87,0.29,Balanced,"ABSL Equity Hybrid '95 Fund (G)",MAC001,"2018-08-09 00:00:00"
"Repco Home","Banking & Financial Services",472384,26.16,0.35,Diversified,"ABSL Equity Fund (G)",MAC006,"2018-08-09 00:00:00"
"Repco Home","Banking & Financial Services",552268,30.58,0.63,LargeMid,"ABSL Equity Advantage Fund (G)",MBS022,"2018-08-09 00:00:00"
"Repco Home","Banking & Financial Services",206657,11.42,0.51,MIPC,"ABSL Regular Savings Fund (G)",MBS061,"2018-08-09 00:00:00"
"Repco Home","Banking & Financial Services",65639,3.63,0.57,Banking,"ABSL Infrastructure (G)",MBS094,"2018-08-09 00:00:00"
"Repco Home","Banking & Financial Services",629707,34.81,1.94,Smallcap,"ABSL Small Cap Fund (G)",MBS104,"2018-08-09 00:00:00"
"Repco Home","Banking & Financial Services",527442,29.16,2.16,Banking,"ABSL Bank&Financial; Ser -RP (G)",MBS1451,"2018-08-09 00:00:00"
"Repco Home","Banking & Financial Services",70614,3.9,2.16,Banking,"ABSL Bank&Financial; Ser -DP (G)",MBS1453,"2018-08-09 00:00:00"
"Repco Home","Banking & Financial Services",51435,2.85,3.1,Banking,"ABSL Intl. Equity - B (G)",MBS205,"2018-08-09 00:00:00"
"Repco Home","Banking & Financial Services",152105,8.42,3.17,Midcap,"ABSL Emer. Leaders-Sr 6-RP (G)",MBS2055,"2018-08-09 00:00:00"
"Repco Home","Banking & Financial Services",1443,0.08,3.17,Midcap,"ABSL Emer. Leaders-Sr 6-DP (G)",MBS2057,"2018-08-09 00:00:00"
"Repco Home","Banking & Financial Services",132979,7.36,0.63,LargeMid,"ABSL Equity Advantage Fund - D (G)",MBS807,"2018-08-09 00:00:00"
"Repco Home","Banking & Financial Services",108372,6,0.35,Diversified,"ABSL Equity Fund -Direct (G)",MBS811,"2018-08-09 00:00:00"
"Repco Home","Banking & Financial Services",6464,0.36,0.57,Banking,"ABSL Infrastructure -Direct (G)",MBS821,"2018-08-09 00:00:00"
"Repco Home","Banking & Financial Services",638,0.04,3.1,Banking,"ABSL Intl. Equity B -Direct (G)",MBS825,"2018-08-09 00:00:00"
"Repco Home","Banking & Financial Services",159720,8.83,1.94,Smallcap,"ABSL Small Cap Fund - D (G)",MBS833,"2018-08-09 00:00:00"
"Repco Home","Banking & Financial Services",57368,3.17,0.29,Balanced,"ABSL Equity Hybrid '95 Fund - D (G)",MBS849,"2018-08-09 00:00:00"
"Repco Home","Banking & Financial Services",1158916,64.06,1.32,Midcap,"DSP BR Mid Cap - Regular (G)",MDS056,"2018-08-09 00:00:00"
"Repco Home","Banking & Financial Services",699556,38.67,1.03,ELSS,"DSP BR Tax Saver Fund - Regular (G)",MDS060,"2018-08-09 00:00:00"
"Repco Home","Banking & Financial Services",1736986,96.18,1.93,Smallcap,"DSP BR Small Cap Fund - Regular (G)",MDS076,"2018-08-09 00:00:00"
"Repco Home","Banking & Financial Services",96902,5.36,1.03,ELSS,"DSP BR Tax Saver Fund - Direct (G)",MDS572,"2018-08-09 00:00:00"
"Repco Home","Banking & Financial Services",157235,8.69,1.32,Midcap,"DSP BR Mid Cap - Direct (G)",MDS574,"2018-08-09 00:00:00"
"Repco Home","Banking & Financial Services",312261,17.29,1.93,Smallcap,"DSP BR Small Cap Fund - Direct (G)",MDS584,"2018-08-09 00:00:00"
"Repco Home","Banking & Financial Services",128270,7.09,0.23,MIPA,"ABSL BAF (G)",MIN007,"2018-08-09 00:00:00"
"Repco Home","Banking & Financial Services",11243,0.62,0.23,MIPA,"ABSL BAF - Direct (G)",MIN389,"2018-08-09 00:00:00"
"Repco Home","Banking & Financial Services",14762,0.82,0.06,Balanced,"JM Equity Hybrid Fund (G)",MJM004,"2018-08-09 00:00:00"
"Repco Home","Banking & Financial Services",25323,1.4,0.06,Balanced,"JM Equity Hybrid Fund - D (G)",MJM328,"2018-08-09 00:00:00"
"Repco Home","Banking & Financial Services",10212,0.56,0.01,Arbitrage,"Kotak Equity Arbitrage - Regular (G)",MKM079,"2018-08-09 00:00:00"
"Repco Home","Banking & Financial Services",10957,0.61,0.01,Arbitrage,"Kotak Equity Arbitrage - Direct (G)",MKM526,"2018-08-09 00:00:00"
"Repco Home","Banking & Financial Services",248911,14.95,2.33,Banking,"Franklin India Oppor. (G)",MKP028,"2018-08-09 00:00:00"
"Repco Home","Banking & Financial Services",151451,8.37,2.92,ELSS,"Mahindra MF KBY - RP (G)",MMH009,"2018-08-09 00:00:00"
"Repco Home","Banking & Financial Services",2673,0.15,2.92,ELSS,"Mahindra MF KBY - DP (G)",MMH011,"2018-08-09 00:00:00"
"Repco Home","Banking & Financial Services",6275,0.39,0.52,MIPC,"Essel Regular Savings (G)",MPM025,"2018-08-09 00:00:00"
"Repco Home","Banking & Financial Services",47550,2.99,2.59,Large,"Essel Large Cap Equity (G)",MPM034,"2018-08-09 00:00:00"
"Repco Home","Banking & Financial Services",10460,0.66,2.59,Large,"Essel Large Cap Equity - D (G)",MPM040,"2018-08-09 00:00:00"
"Repco Home","Banking & Financial Services",200,0.01,0.52,MIPC,"Essel Regular Savings - Direct (G)",MPM042,"2018-08-09 00:00:00"
"Repco Home","Banking & Financial Services",3335705,200.36,2.75,Smallcap,"Franklin (I) Smaller Cos (G)",MTE090,"2018-08-09 00:00:00"
"Repco Home","Banking & Financial Services",3335705,200.36,2.75,Smallcap,"Franklin (I) Smaller Co -Direct (G)",MTE313,"2018-08-09 00:00:00"
"Repco Home","Banking & Financial Services",248911,14.95,2.33,Banking,"Franklin (I) Opport. - Direct (G)",MTE319,"2018-08-09 00:00:00"
"Repco Home","Banking & Financial Services",96031,5.31,1.7,Smallcap,"Union SCF -RP (G)",MUK089,"2018-08-09 00:00:00"
"Repco Home","Banking & Financial Services",3798,0.21,1.7,Smallcap,"Union SCF -DP (G)",MUK091,"2018-08-09 00:00:00"
"Repco Home","Banking & Financial Services",756226,45.42,0.31,Balanced,"ABSL Equity Hybrid '95 Fund (G)",MAC001,"2018-08-30 00:00:00"
"Repco Home","Banking & Financial Services",590000,35.44,0.36,Diversified,"ABSL Equity Fund (G)",MAC006,"2018-08-30 00:00:00"
"Repco Home","Banking & Financial Services",680882,40.9,0.64,LargeMid,"ABSL Equity Advantage Fund (G)",MBS022,"2018-08-30 00:00:00"
"Repco Home","Banking & Financial Services",263828,15.85,0.56,MIPC,"ABSL Regular Savings Fund (G)",MBS061,"2018-08-30 00:00:00"
"Repco Home","Banking & Financial Services",70000,4.2,0.6,Banking,"ABSL Infrastructure (G)",MBS094,"2018-08-30 00:00:00"
"Repco Home","Banking & Financial Services",764854,45.94,2.04,Smallcap,"ABSL Small Cap Fund (G)",MBS104,"2018-08-30 00:00:00"
"Repco Home","Banking & Financial Services",599666,36.02,2.14,Banking,"ABSL Bank&Financial; Ser -RP (G)",MBS1451,"2018-08-30 00:00:00"
"Repco Home","Banking & Financial Services",599666,36.02,2.14,Banking,"ABSL Bank&Financial; Ser -DP (G)",MBS1453,"2018-08-30 00:00:00"
"Repco Home","Banking & Financial Services",50212,3.02,3.26,Banking,"ABSL Intl. Equity - B (G)",MBS205,"2018-08-30 00:00:00"
"Repco Home","Banking & Financial Services",145000,8.71,3.28,Midcap,"ABSL Emer. Leaders-Sr 6-RP (G)",MBS2055,"2018-08-30 00:00:00"
"Repco Home","Banking & Financial Services",145000,8.71,3.28,Midcap,"ABSL Emer. Leaders-Sr 6-DP (G)",MBS2057,"2018-08-30 00:00:00"
"Repco Home","Banking & Financial Services",680882,40.9,0.64,LargeMid,"ABSL Equity Advantage Fund - D (G)",MBS807,"2018-08-30 00:00:00"
"Repco Home","Banking & Financial Services",590000,35.44,0.36,Diversified,"ABSL Equity Fund -Direct (G)",MBS811,"2018-08-30 00:00:00"
"Repco Home","Banking & Financial Services",70000,4.2,0.6,Banking,"ABSL Infrastructure -Direct (G)",MBS821,"2018-08-30 00:00:00"
"Repco Home","Banking & Financial Services",50212,3.02,3.26,Banking,"ABSL Intl. Equity B -Direct (G)",MBS825,"2018-08-30 00:00:00"
"Repco Home","Banking & Financial Services",764854,45.94,2.04,Smallcap,"ABSL Small Cap Fund - D (G)",MBS833,"2018-08-30 00:00:00"
"Repco Home","Banking & Financial Services",756226,45.42,0.31,Balanced,"ABSL Equity Hybrid '95 Fund - D (G)",MBS849,"2018-08-30 00:00:00"
"Repco Home","Banking & Financial Services",1255776,75.43,1.33,Midcap,"DSP Mid Cap - Regular (G)",MDS056,"2018-08-30 00:00:00"
"Repco Home","Banking & Financial Services",785963,47.21,1.03,ELSS,"DSP Tax Saver Fund - Regular (G)",MDS060,"2018-08-30 00:00:00"
"Repco Home","Banking & Financial Services",1837763,110.39,2.06,Smallcap,"DSP Small Cap Fund - Regular (G)",MDS076,"2018-08-30 00:00:00"
"Repco Home","Banking & Financial Services",785963,47.21,1.03,ELSS,"DSP Tax Saver Fund - Direct (G)",MDS572,"2018-08-30 00:00:00"
"Repco Home","Banking & Financial Services",1255776,75.43,1.33,Midcap,"DSP Mid Cap - Direct (G)",MDS574,"2018-08-30 00:00:00"
"Repco Home","Banking & Financial Services",1837763,110.39,2.06,Smallcap,"DSP Small Cap Fund - Direct (G)",MDS584,"2018-08-30 00:00:00"
"Repco Home","Banking & Financial Services",132218,7.94,0.24,MIPA,"ABSL BAF (G)",MIN007,"2018-08-30 00:00:00"
"Repco Home","Banking & Financial Services",132218,7.94,0.24,MIPA,"ABSL BAF - Direct (G)",MIN389,"2018-08-30 00:00:00"
"Repco Home","Banking & Financial Services",14762,0.82,0.06,Balanced,"JM Equity Hybrid Fund (G)",MJM004,"2018-08-30 00:00:00"
"Repco Home","Banking & Financial Services",25323,1.4,0.06,Balanced,"JM Equity Hybrid Fund - D (G)",MJM328,"2018-08-30 00:00:00"
"Repco Home","Banking & Financial Services",18000,1.08,0.01,Arbitrage,"Kotak Equity Arbitrage - Regular (G)",MKM079,"2018-08-30 00:00:00"
"Repco Home","Banking & Financial Services",18000,1.08,0.01,Arbitrage,"Kotak Equity Arbitrage - Direct (G)",MKM526,"2018-08-30 00:00:00"
"Repco Home","Banking & Financial Services",248911,14.95,2.33,Banking,"Franklin India Oppor. (G)",MKP028,"2018-08-30 00:00:00"
"Repco Home","Banking & Financial Services",153595,9.23,3.01,ELSS,"Mahindra MF KBY - RP (G)",MMH009,"2018-08-30 00:00:00"
"Repco Home","Banking & Financial Services",153595,9.23,3.01,ELSS,"Mahindra MF KBY - DP (G)",MMH011,"2018-08-30 00:00:00"
"Repco Home","Banking & Financial Services",6275,0.39,0.52,MIPC,"Essel Regular Savings (G)",MPM025,"2018-08-30 00:00:00"
"Repco Home","Banking & Financial Services",47550,2.99,2.59,Large,"Essel Large Cap Equity (G)",MPM034,"2018-08-30 00:00:00"
"Repco Home","Banking & Financial Services",10460,0.66,2.59,Large,"Essel Large Cap Equity - D (G)",MPM040,"2018-08-30 00:00:00"
"Repco Home","Banking & Financial Services",200,0.01,0.52,MIPC,"Essel Regular Savings - Direct (G)",MPM042,"2018-08-30 00:00:00"
"Repco Home","Banking & Financial Services",3335705,200.36,2.75,Smallcap,"Franklin (I) Smaller Cos (G)",MTE090,"2018-08-30 00:00:00"
"Repco Home","Banking & Financial Services",3335705,200.36,2.75,Smallcap,"Franklin (I) Smaller Co -Direct (G)",MTE313,"2018-08-30 00:00:00"
"Repco Home","Banking & Financial Services",248911,14.95,2.33,Banking,"Franklin (I) Opport. - Direct (G)",MTE319,"2018-08-30 00:00:00"
"Repco Home","Banking & Financial Services",756226,41.2,0.27,Balanced,"ABSL Equity Hybrid '95 Fund (G)",MAC001,"2018-09-18 00:00:00"
"Repco Home","Banking & Financial Services",590000,32.14,0.31,Diversified,"ABSL Equity Fund (G)",MAC006,"2018-09-18 00:00:00"
"Repco Home","Banking & Financial Services",303382,16.53,0.26,LargeMid,"ABSL Equity Advantage Fund (G)",MBS022,"2018-09-18 00:00:00"
"Repco Home","Banking & Financial Services",263828,14.37,0.52,MIPC,"ABSL Regular Savings Fund (G)",MBS061,"2018-09-18 00:00:00"
"Repco Home","Banking & Financial Services",70000,3.81,0.54,Banking,"ABSL Infrastructure (G)",MBS094,"2018-09-18 00:00:00"
"Repco Home","Banking & Financial Services",764854,41.67,1.79,Smallcap,"ABSL Small Cap Fund (G)",MBS104,"2018-09-18 00:00:00"
"Repco Home","Banking & Financial Services",599666,32.67,1.89,Banking,"ABSL Bank&Financial; Ser -RP (G)",MBS1451,"2018-09-18 00:00:00"
"Repco Home","Banking & Financial Services",599666,32.67,1.89,Banking,"ABSL Bank&Financial; Ser -DP (G)",MBS1453,"2018-09-18 00:00:00"
"Repco Home","Banking & Financial Services",50212,2.74,2.86,Banking,"ABSL Intl. Equity - B (G)",MBS205,"2018-09-18 00:00:00"
"Repco Home","Banking & Financial Services",145000,7.9,2.95,Midcap,"ABSL Emer. Leaders-Sr 6-RP (G)",MBS2055,"2018-09-18 00:00:00"
"Repco Home","Banking & Financial Services",145000,7.9,2.95,Midcap,"ABSL Emer. Leaders-Sr 6-DP (G)",MBS2057,"2018-09-18 00:00:00"
"Repco Home","Banking & Financial Services",303382,16.53,0.26,LargeMid,"ABSL Equity Advantage Fund - D (G)",MBS807,"2018-09-18 00:00:00"
"Repco Home","Banking & Financial Services",590000,32.14,0.31,Diversified,"ABSL Equity Fund -Direct (G)",MBS811,"2018-09-18 00:00:00"
"Repco Home","Banking & Financial Services",70000,3.81,0.54,Banking,"ABSL Infrastructure -Direct (G)",MBS821,"2018-09-18 00:00:00"
"Repco Home","Banking & Financial Services",50212,2.74,2.86,Banking,"ABSL Intl. Equity B -Direct (G)",MBS825,"2018-09-18 00:00:00"
"Repco Home","Banking & Financial Services",764854,41.67,1.79,Smallcap,"ABSL Small Cap Fund - D (G)",MBS833,"2018-09-18 00:00:00"
"Repco Home","Banking & Financial Services",756226,41.2,0.27,Balanced,"ABSL Equity Hybrid '95 Fund - D (G)",MBS849,"2018-09-18 00:00:00"
"Repco Home","Banking & Financial Services",1255776,75.43,1.33,Midcap,"DSP Mid Cap - Regular (G)",MDS056,"2018-09-18 00:00:00"
"Repco Home","Banking & Financial Services",785963,47.21,1.03,ELSS,"DSP Tax Saver Fund - Regular (G)",MDS060,"2018-09-18 00:00:00"
"Repco Home","Banking & Financial Services",1837763,110.39,2.06,Smallcap,"DSP Small Cap Fund - Regular (G)",MDS076,"2018-09-18 00:00:00"
"Repco Home","Banking & Financial Services",785963,47.21,1.03,ELSS,"DSP Tax Saver Fund - Direct (G)",MDS572,"2018-09-18 00:00:00"
"Repco Home","Banking & Financial Services",1255776,75.43,1.33,Midcap,"DSP Mid Cap - Direct (G)",MDS574,"2018-09-18 00:00:00"
"Repco Home","Banking & Financial Services",1837763,110.39,2.06,Smallcap,"DSP Small Cap Fund - Direct (G)",MDS584,"2018-09-18 00:00:00"
"Repco Home","Banking & Financial Services",132218,7.2,0.22,MIPA,"ABSL BAF (G)",MIN007,"2018-09-18 00:00:00"
"Repco Home","Banking & Financial Services",132218,7.2,0.22,MIPA,"ABSL BAF - Direct (G)",MIN389,"2018-09-18 00:00:00"
"Repco Home","Banking & Financial Services",40500,2.43,0.07,Balanced,"JM Equity Hybrid Fund (G)",MJM004,"2018-09-18 00:00:00"
"Repco Home","Banking & Financial Services",40500,2.43,0.07,Balanced,"JM Equity Hybrid Fund - D (G)",MJM328,"2018-09-18 00:00:00"
"Repco Home","Banking & Financial Services",18000,1.08,0.01,Arbitrage,"Kotak Equity Arbitrage - Regular (G)",MKM079,"2018-09-18 00:00:00"
"Repco Home","Banking & Financial Services",18000,1.08,0.01,Arbitrage,"Kotak Equity Arbitrage - Direct (G)",MKM526,"2018-09-18 00:00:00"
"Repco Home","Banking & Financial Services",248911,13.56,2.06,Banking,"Franklin India Oppor. (G)",MKP028,"2018-09-18 00:00:00"
"Repco Home","Banking & Financial Services",153595,9.23,3.01,ELSS,"Mahindra MF KBY - RP (G)",MMH009,"2018-09-18 00:00:00"
"Repco Home","Banking & Financial Services",153595,9.23,3.01,ELSS,"Mahindra MF KBY - DP (G)",MMH011,"2018-09-18 00:00:00"
"Repco Home","Banking & Financial Services",6275,0.39,0.52,MIPC,"Essel Regular Savings (G)",MPM025,"2018-09-18 00:00:00"
"Repco Home","Banking & Financial Services",47550,2.99,2.59,Large,"Essel Large Cap Equity (G)",MPM034,"2018-09-18 00:00:00"
"Repco Home","Banking & Financial Services",10460,0.66,2.59,Large,"Essel Large Cap Equity - D (G)",MPM040,"2018-09-18 00:00:00"
"Repco Home","Banking & Financial Services",200,0.01,0.52,MIPC,"Essel Regular Savings - Direct (G)",MPM042,"2018-09-18 00:00:00"
"Repco Home","Banking & Financial Services",3335705,181.71,2.45,Smallcap,"Franklin (I) Smaller Cos (G)",MTE090,"2018-09-18 00:00:00"
"Repco Home","Banking & Financial Services",3335705,181.71,2.45,Smallcap,"Franklin (I) Smaller Co -Direct (G)",MTE313,"2018-09-18 00:00:00"
"Repco Home","Banking & Financial Services",248911,13.56,2.06,Banking,"Franklin (I) Opport. - Direct (G)",MTE319,"2018-09-18 00:00:00"
"Repco Home","Banking & Financial Services",756226,41.2,0.27,Balanced,"ABSL Equity Hybrid '95 Fund (G)",MAC001,"2018-10-16 00:00:00"
"Repco Home","Banking & Financial Services",494487,21.3,0.27,Multicap,"ABSL Equity Fund (G)",MAC006,"2018-10-16 00:00:00"
"Repco Home","Banking & Financial Services",590000,32.14,0.31,Diversified,"ABSL Equity Fund (G)",MAC006,"2018-10-16 00:00:00"
"Repco Home","Banking & Financial Services",303382,16.53,0.26,LargeMid,"ABSL Equity Advantage Fund (G)",MBS022,"2018-10-16 00:00:00"
"Repco Home","Banking & Financial Services",263828,14.37,0.52,MIPC,"ABSL Regular Savings Fund (G)",MBS061,"2018-10-16 00:00:00"
"Repco Home","Banking & Financial Services",71016,3.06,0.49,Banking,"ABSL Infrastructure (G)",MBS094,"2018-10-16 00:00:00"
"Repco Home","Banking & Financial Services",764854,41.67,1.79,Smallcap,"ABSL Small Cap Fund (G)",MBS104,"2018-10-16 00:00:00"
"Repco Home","Banking & Financial Services",588980,25.35,1.78,Banking,"ABSL Bank&Financial; Ser -RP (G)",MBS1451,"2018-10-16 00:00:00"
"Repco Home","Banking & Financial Services",80559,3.47,1.78,Technology,"ABSL Bank&Financial; Ser -DP (G)",MBS1453,"2018-10-16 00:00:00"
"Repco Home","Banking & Financial Services",599666,32.67,1.89,Banking,"ABSL Bank&Financial; Ser -DP (G)",MBS1453,"2018-10-16 00:00:00"
"Repco Home","Banking & Financial Services",50212,2.74,2.86,Banking,"ABSL Intl. Equity - B (G)",MBS205,"2018-10-16 00:00:00"
"Repco Home","Banking & Financial Services",51850,2.23,2.46,Technology,"ABSL Intl. Equity - B (G)",MBS205,"2018-10-16 00:00:00"
"Repco Home","Banking & Financial Services",145000,7.9,2.95,Midcap,"ABSL Emer. Leaders-Sr 6-RP (G)",MBS2055,"2018-10-16 00:00:00"
"Repco Home","Banking & Financial Services",145000,7.9,2.95,Midcap,"ABSL Emer. Leaders-Sr 6-DP (G)",MBS2057,"2018-10-16 00:00:00"
"Repco Home","Banking & Financial Services",303382,16.53,0.26,LargeMid,"ABSL Equity Advantage Fund - D (G)",MBS807,"2018-10-16 00:00:00"
"Repco Home","Banking & Financial Services",113347,4.88,0.27,Multicap,"ABSL Equity Fund -Direct (G)",MBS811,"2018-10-16 00:00:00"
"Repco Home","Banking & Financial Services",590000,32.14,0.31,Diversified,"ABSL Equity Fund -Direct (G)",MBS811,"2018-10-16 00:00:00"
"Repco Home","Banking & Financial Services",7290,0.31,0.49,Banking,"ABSL Infrastructure -Direct (G)",MBS821,"2018-10-16 00:00:00"
"Repco Home","Banking & Financial Services",708,0.03,2.46,Technology,"ABSL Intl. Equity B -Direct (G)",MBS825,"2018-10-16 00:00:00"
"Repco Home","Banking & Financial Services",764854,41.67,1.79,Smallcap,"ABSL Small Cap Fund - D (G)",MBS833,"2018-10-16 00:00:00"
"Repco Home","Banking & Financial Services",756226,41.2,0.27,Balanced,"ABSL Equity Hybrid '95 Fund - D (G)",MBS849,"2018-10-16 00:00:00"
"Repco Home","Banking & Financial Services",1255776,68.41,1.18,Midcap,"DSP Mid Cap - Regular (G)",MDS056,"2018-10-16 00:00:00"
"Repco Home","Banking & Financial Services",666890,36.33,0.76,ELSS,"DSP Tax Saver Fund - Regular (G)",MDS060,"2018-10-16 00:00:00"
"Repco Home","Banking & Financial Services",1837763,100.11,1.82,Smallcap,"DSP Small Cap Fund - Regular (G)",MDS076,"2018-10-16 00:00:00"
"Repco Home","Banking & Financial Services",666890,36.33,0.76,ELSS,"DSP Tax Saver Fund - Direct (G)",MDS572,"2018-10-16 00:00:00"
"Repco Home","Banking & Financial Services",1255776,68.41,1.18,Midcap,"DSP Mid Cap - Direct (G)",MDS574,"2018-10-16 00:00:00"
"Repco Home","Banking & Financial Services",1837763,100.11,1.82,Smallcap,"DSP Small Cap Fund - Direct (G)",MDS584,"2018-10-16 00:00:00"
"Repco Home","Banking & Financial Services",132218,7.2,0.22,MIPA,"ABSL BAF (G)",MIN007,"2018-10-16 00:00:00"
"Repco Home","Banking & Financial Services",132218,7.2,0.22,MIPA,"ABSL BAF - Direct (G)",MIN389,"2018-10-16 00:00:00"
"Repco Home","Banking & Financial Services",40500,2.21,0.06,Balanced,"JM Equity Hybrid Fund (G)",MJM004,"2018-10-16 00:00:00"
"Repco Home","Banking & Financial Services",40500,2.21,0.06,Balanced,"JM Equity Hybrid Fund - D (G)",MJM328,"2018-10-16 00:00:00"
"Repco Home","Banking & Financial Services",2700,0.15,0.01,AgressiveHybrid,"Kotak Balanced Advantage - Reg. (G)",MKM1177,"2018-10-16 00:00:00"
"Repco Home","Banking & Financial Services",2700,0.15,0.01,Balanced,"Kotak Balanced Advantage - Dir. (G)",MKM1179,"2018-10-16 00:00:00"
"Repco Home","Banking & Financial Services",232169,10,1.8,Banking,"Franklin India Oppor. (G)",MKP028,"2018-10-16 00:00:00"
"Repco Home","Banking & Financial Services",130462,7.11,2.24,ELSS,"Mahindra MF KBY - RP (G)",MMH009,"2018-10-16 00:00:00"
"Repco Home","Banking & Financial Services",130462,7.11,2.24,ELSS,"Mahindra MF KBY - DP (G)",MMH011,"2018-10-16 00:00:00"
"Repco Home","Banking & Financial Services",6275,0.39,0.52,MIPC,"Essel Regular Savings (G)",MPM025,"2018-10-16 00:00:00"
"Repco Home","Banking & Financial Services",47550,2.99,2.59,Large,"Essel Large Cap Equity (G)",MPM034,"2018-10-16 00:00:00"
"Repco Home","Banking & Financial Services",10460,0.66,2.59,Large,"Essel Large Cap Equity - D (G)",MPM040,"2018-10-16 00:00:00"
"Repco Home","Banking & Financial Services",200,0.01,0.52,MIPC,"Essel Regular Savings - Direct (G)",MPM042,"2018-10-16 00:00:00"
"Repco Home","Banking & Financial Services",2852887,122.87,2.17,Smallcap,"Franklin (I) Smaller Cos (G)",MTE090,"2018-10-16 00:00:00"
"Repco Home","Banking & Financial Services",785321,33.82,2.17,Smallcap,"Franklin (I) Smaller Co -Direct (G)",MTE313,"2018-10-16 00:00:00"
"Repco Home","Banking & Financial Services",34245,1.47,1.8,Banking,"Franklin (I) Opport. - Direct (G)",MTE319,"2018-10-16 00:00:00"
"Repco Home","Banking & Financial Services",750804,32.31,0.24,Balanced,"ABSL Equity Hybrid '95 Fund (G)",MAC001,"2018-10-27 00:00:00"
"Repco Home","Banking & Financial Services",494487,21.3,0.27,Diversified,"ABSL Equity Fund (G)",MAC006,"2018-10-27 00:00:00"
"Repco Home","Banking & Financial Services",103668,4.47,0.09,LargeMid,"ABSL Equity Advantage Fund (G)",MBS022,"2018-10-27 00:00:00"
"Repco Home","Banking & Financial Services",251921,10.84,0.44,MIPC,"ABSL Regular Savings Fund (G)",MBS061,"2018-10-27 00:00:00"
"Repco Home","Banking & Financial Services",71016,3.06,0.49,Banking,"ABSL Infrastructure (G)",MBS094,"2018-10-27 00:00:00"
"Repco Home","Banking & Financial Services",664667,28.61,1.61,Smallcap,"ABSL Small Cap Fund (G)",MBS104,"2018-10-27 00:00:00"
"Repco Home","Banking & Financial Services",588980,25.35,1.78,Banking,"ABSL Bank&Financial; Ser -RP (G)",MBS1451,"2018-10-27 00:00:00"
"Repco Home","Banking & Financial Services",80559,3.47,1.78,Banking,"ABSL Bank&Financial; Ser -DP (G)",MBS1453,"2018-10-27 00:00:00"
"Repco Home","Banking & Financial Services",51850,2.23,2.46,Banking,"ABSL Intl. Equity - B (G)",MBS205,"2018-10-27 00:00:00"
"Repco Home","Banking & Financial Services",102063,4.4,1.7,Midcap,"ABSL Emer. Leaders-Sr 6-RP (G)",MBS2055,"2018-10-27 00:00:00"
"Repco Home","Banking & Financial Services",971,0.04,1.7,Midcap,"ABSL Emer. Leaders-Sr 6-DP (G)",MBS2057,"2018-10-27 00:00:00"
"Repco Home","Banking & Financial Services",24941,1.07,0.09,LargeMid,"ABSL Equity Advantage Fund - D (G)",MBS807,"2018-10-27 00:00:00"
"Repco Home","Banking & Financial Services",113347,4.88,0.27,Diversified,"ABSL Equity Fund -Direct (G)",MBS811,"2018-10-27 00:00:00"
"Repco Home","Banking & Financial Services",7290,0.31,0.49,Banking,"ABSL Infrastructure -Direct (G)",MBS821,"2018-10-27 00:00:00"
"Repco Home","Banking & Financial Services",708,0.03,2.46,Banking,"ABSL Intl. Equity B -Direct (G)",MBS825,"2018-10-27 00:00:00"
"Repco Home","Banking & Financial Services",168792,7.26,1.61,Smallcap,"ABSL Small Cap Fund - D (G)",MBS833,"2018-10-27 00:00:00"
"Repco Home","Banking & Financial Services",63380,2.73,0.24,Balanced,"ABSL Equity Hybrid '95 Fund - D (G)",MBS849,"2018-10-27 00:00:00"
"Repco Home","Banking & Financial Services",1184899,51,1.04,Midcap,"DSP Mid Cap - Regular (G)",MDS056,"2018-10-27 00:00:00"
"Repco Home","Banking & Financial Services",607313,26.14,0.66,ELSS,"DSP Tax Saver Fund - Regular (G)",MDS060,"2018-10-27 00:00:00"
"Repco Home","Banking & Financial Services",1732844,74.63,1.66,Smallcap,"DSP Small Cap Fund - Regular (G)",MDS076,"2018-10-27 00:00:00"
"Repco Home","Banking & Financial Services",87961,3.79,0.66,ELSS,"DSP Tax Saver Fund - Direct (G)",MDS572,"2018-10-27 00:00:00"
"Repco Home","Banking & Financial Services",161828,6.97,1.04,Midcap,"DSP Mid Cap - Direct (G)",MDS574,"2018-10-27 00:00:00"
"Repco Home","Banking & Financial Services",310239,13.36,1.66,Smallcap,"DSP Small Cap Fund - Direct (G)",MDS584,"2018-10-27 00:00:00"
"Repco Home","Banking & Financial Services",130482,5.62,0.19,MIPA,"ABSL BAF (G)",MIN007,"2018-10-27 00:00:00"
"Repco Home","Banking & Financial Services",12021,0.52,0.19,MIPA,"ABSL BAF - Direct (G)",MIN389,"2018-10-27 00:00:00"
"Repco Home","Banking & Financial Services",40500,2.21,0.06,Balanced,"JM Equity Hybrid Fund (G)",MJM004,"2018-10-27 00:00:00"
"Repco Home","Banking & Financial Services",40500,2.21,0.06,Balanced,"JM Equity Hybrid Fund - D (G)",MJM328,"2018-10-27 00:00:00"
"Repco Home","Banking & Financial Services",232169,10,1.8,Banking,"Franklin India Oppor. (G)",MKP028,"2018-10-27 00:00:00"
"Repco Home","Banking & Financial Services",130875,5.63,1.88,ELSS,"Mahindra MF KBY - RP (G)",MMH009,"2018-10-27 00:00:00"
"Repco Home","Banking & Financial Services",2315,0.1,1.88,ELSS,"Mahindra MF KBY - DP (G)",MMH011,"2018-10-27 00:00:00"
"Repco Home","Banking & Financial Services",6275,0.39,0.52,MIPC,"Essel Regular Savings (G)",MPM025,"2018-10-27 00:00:00"
"Repco Home","Banking & Financial Services",47550,2.99,2.59,Large,"Essel Large Cap Equity (G)",MPM034,"2018-10-27 00:00:00"
"Repco Home","Banking & Financial Services",10460,0.66,2.59,Large,"Essel Large Cap Equity - D (G)",MPM040,"2018-10-27 00:00:00"
"Repco Home","Banking & Financial Services",200,0.01,0.52,MIPC,"Essel Regular Savings - Direct (G)",MPM042,"2018-10-27 00:00:00"
"Repco Home","Banking & Financial Services",2852887,122.87,2.17,Smallcap,"Franklin (I) Smaller Cos (G)",MTE090,"2018-10-27 00:00:00"
"Repco Home","Banking & Financial Services",785321,33.82,2.17,Smallcap,"Franklin (I) Smaller Co -Direct (G)",MTE313,"2018-10-27 00:00:00"
"Repco Home","Banking & Financial Services",34245,1.47,1.8,Banking,"Franklin (I) Opport. - Direct (G)",MTE319,"2018-10-27 00:00:00"
"Repco Home","Banking & Financial Services",756226,27.98,0.21,Balanced,"ABSL Equity Hybrid '95 Fund (G)",MAC001,"2018-12-06 00:00:00"
"Repco Home","Banking & Financial Services",590000,21.83,0.23,Diversified,"ABSL Equity Fund (G)",MAC006,"2018-12-06 00:00:00"
"Repco Home","Banking & Financial Services",100882,3.73,0.07,LargeMid,"ABSL Equity Advantage Fund (G)",MBS022,"2018-12-06 00:00:00"
"Repco Home","Banking & Financial Services",263828,9.76,0.39,MIPC,"ABSL Regular Savings Fund (G)",MBS061,"2018-12-06 00:00:00"
"Repco Home","Banking & Financial Services",70000,2.59,0.44,Banking,"ABSL Infrastructure (G)",MBS094,"2018-12-06 00:00:00"
"Repco Home","Banking & Financial Services",850000,31.45,1.56,Smallcap,"ABSL Small Cap Fund (G)",MBS104,"2018-12-06 00:00:00"
"Repco Home","Banking & Financial Services",599666,22.19,1.53,Banking,"ABSL Bank&Financial Ser -RP (G)",MBS1451,"2018-12-06 00:00:00"
"Repco Home","Banking & Financial Services",599666,22.19,1.53,Banking,"ABSL Bank&Financial Ser -DP (G)",MBS1453,"2018-12-06 00:00:00"
"Repco Home","Banking & Financial Services",50212,1.86,2.21,Banking,"ABSL Intl. Equity - B (G)",MBS205,"2018-12-06 00:00:00"
"Repco Home","Banking & Financial Services",102063,4.4,1.7,Midcap,"ABSL Emer. Leaders-Sr 6-RP (G)",MBS2055,"2018-12-06 00:00:00"
"Repco Home","Banking & Financial Services",971,0.04,1.7,Midcap,"ABSL Emer. Leaders-Sr 6-DP (G)",MBS2057,"2018-12-06 00:00:00"
"Repco Home","Banking & Financial Services",100882,3.73,0.07,LargeMid,"ABSL Equity Advantage Fund - D (G)",MBS807,"2018-12-06 00:00:00"
"Repco Home","Banking & Financial Services",590000,21.83,0.23,Diversified,"ABSL Equity Fund -Direct (G)",MBS811,"2018-12-06 00:00:00"
"Repco Home","Banking & Financial Services",70000,2.59,0.44,Banking,"ABSL Infrastructure -Direct (G)",MBS821,"2018-12-06 00:00:00"
"Repco Home","Banking & Financial Services",50212,1.86,2.21,Banking,"ABSL Intl. Equity B -Direct (G)",MBS825,"2018-12-06 00:00:00"
"Repco Home","Banking & Financial Services",850000,31.45,1.56,Smallcap,"ABSL Small Cap Fund - D (G)",MBS833,"2018-12-06 00:00:00"
"Repco Home","Banking & Financial Services",756226,27.98,0.21,Balanced,"ABSL Equity Hybrid '95 Fund - D (G)",MBS849,"2018-12-06 00:00:00"
"Repco Home","Banking & Financial Services",1255776,46.47,0.89,Midcap,"DSP Mid Cap - Regular (G)",MDS056,"2018-12-06 00:00:00"
"Repco Home","Banking & Financial Services",1837763,68.01,1.43,Smallcap,"DSP Small Cap Fund - Regular (G)",MDS076,"2018-12-06 00:00:00"
"Repco Home","Banking & Financial Services",1255776,46.47,0.89,Midcap,"DSP Mid Cap - Direct (G)",MDS574,"2018-12-06 00:00:00"
"Repco Home","Banking & Financial Services",1837763,68.01,1.43,Smallcap,"DSP Small Cap Fund - Direct (G)",MDS584,"2018-12-06 00:00:00"
"Repco Home","Banking & Financial Services",1194443,44.16,1.1,Value,"HDFC Capital Builder Value Fund - D (G)",MHD1148,"2018-12-06 00:00:00"
"Repco Home","Banking & Financial Services",132218,4.89,0.16,MIPA,"ABSL BAF (G)",MIN007,"2018-12-06 00:00:00"
"Repco Home","Banking & Financial Services",132218,4.89,0.16,MIPA,"ABSL BAF - Direct (G)",MIN389,"2018-12-06 00:00:00"
"Repco Home","Banking & Financial Services",8100,0.3,0.01,Balanced,"JM Equity Hybrid Fund (G)",MJM004,"2018-12-06 00:00:00"
"Repco Home","Banking & Financial Services",8100,0.3,0.01,Balanced,"JM Equity Hybrid Fund - D (G)",MJM328,"2018-12-06 00:00:00"
"Repco Home","Banking & Financial Services",86400,3.2,0.02,Arbitrage,"Kotak Equity Arbitrage - Regular (G)",MKM079,"2018-12-06 00:00:00"
"Repco Home","Banking & Financial Services",86400,3.2,0.02,Arbitrage,"Kotak Equity Arbitrage - Direct (G)",MKM526,"2018-12-06 00:00:00"
"Repco Home","Banking & Financial Services",515206,19.05,0.52,ELSS,"Franklin India Tax Shield (G)",MKP007,"2018-12-06 00:00:00"
"Repco Home","Banking & Financial Services",248911,9.2,1.59,Banking,"Franklin India Oppor. (G)",MKP028,"2018-12-06 00:00:00"
"Repco Home","Banking & Financial Services",608810,22.51,0.4,Smallcap,"HDFC Small Cap Fund  (G)",MMS002,"2018-12-06 00:00:00"
"Repco Home","Banking & Financial Services",608810,22.51,0.4,Smallcap,"HDFC Small Cap Fund - Direct (G)",MMS025,"2018-12-06 00:00:00"
"Repco Home","Banking & Financial Services",6275,0.39,0.52,MIPC,"Essel Regular Savings (G)",MPM025,"2018-12-06 00:00:00"
"Repco Home","Banking & Financial Services",47550,2.99,2.59,Large,"Essel Large Cap Equity (G)",MPM034,"2018-12-06 00:00:00"
"Repco Home","Banking & Financial Services",10460,0.66,2.59,Large,"Essel Large Cap Equity - D (G)",MPM040,"2018-12-06 00:00:00"
"Repco Home","Banking & Financial Services",200,0.01,0.52,MIPC,"Essel Regular Savings - Direct (G)",MPM042,"2018-12-06 00:00:00"
"Repco Home","Banking & Financial Services",13500,0.5,0.01,Arbitrage,"Reliance Arbitrage Fund (G)",MRC600,"2018-12-06 00:00:00"
"Repco Home","Banking & Financial Services",13500,0.5,0.01,Arbitrage,"Reliance Arbitrage Fund - Direct (G)",MRC899,"2018-12-06 00:00:00"
"Repco Home","Banking & Financial Services",3465705,128.14,1.89,Smallcap,"Franklin (I) Smaller Cos (G)",MTE090,"2018-12-06 00:00:00"
"Repco Home","Banking & Financial Services",515206,19.05,0.52,ELSS,"Franklin (I) Tax Shield -Direct (G)",MTE311,"2018-12-06 00:00:00"
"Repco Home","Banking & Financial Services",3465705,128.14,1.89,Smallcap,"Franklin (I) Smaller Co -Direct (G)",MTE313,"2018-12-06 00:00:00"
"Repco Home","Banking & Financial Services",248911,9.2,1.59,Banking,"Franklin (I) Opport. - Direct (G)",MTE319,"2018-12-06 00:00:00"
"Repco Home","Banking & Financial Services",1194443,44.16,1.1,Value,"HDFC Capital Builder Value Fund (G)",MZU016,"2018-12-06 00:00:00"
"Repco Home","Banking & Financial Services",171000,6.32,0.3,Arbitrage,"Axis Arbitrage Fund-RP (G)",MAA586,"2018-12-16 00:00:00"
"Repco Home","Banking & Financial Services",171000,6.32,0.3,Arbitrage,"Axis Arbitrage Fund-DP (G)",MAA588,"2018-12-16 00:00:00"
"Repco Home","Banking & Financial Services",756226,27.96,0.2,AgressiveHybrid,"ABSL Equity Hybrid '95 Fund (G)",MAC001,"2018-12-16 00:00:00"
"Repco Home","Banking & Financial Services",756226,27.96,0.2,Balanced,"ABSL Equity Hybrid '95 Fund (G)",MAC001,"2018-12-16 00:00:00"
"Repco Home","Banking & Financial Services",590000,21.82,0.22,Diversified,"ABSL Equity Fund (G)",MAC006,"2018-12-16 00:00:00"
"Repco Home","Banking & Financial Services",590000,21.82,0.22,Multicap,"ABSL Equity Fund (G)",MAC006,"2018-12-16 00:00:00"
"Repco Home","Banking & Financial Services",100882,3.73,0.07,LargeMid,"ABSL Equity Advantage Fund (G)",MBS022,"2018-12-16 00:00:00"
"Repco Home","Banking & Financial Services",263828,9.76,0.39,MIPC,"ABSL Regular Savings Fund (G)",MBS061,"2018-12-16 00:00:00"
"Repco Home","Banking & Financial Services",70000,2.59,0.43,Banking,"ABSL Infrastructure (G)",MBS094,"2018-12-16 00:00:00"
"Repco Home","Banking & Financial Services",70000,2.59,0.43,Technology,"ABSL Infrastructure (G)",MBS094,"2018-12-16 00:00:00"
"Repco Home","Banking & Financial Services",850000,31.43,1.49,Smallcap,"ABSL Small Cap Fund (G)",MBS104,"2018-12-16 00:00:00"
"Repco Home","Banking & Financial Services",1174666,43.43,2.78,Banking,"ABSL Bank&Financial; Ser -RP (G)",MBS1451,"2018-12-16 00:00:00"
"Repco Home","Banking & Financial Services",1174666,43.43,2.78,Technology,"ABSL Bank&Financial; Ser -RP (G)",MBS1451,"2018-12-16 00:00:00"
"Repco Home","Banking & Financial Services",1174666,43.43,2.78,Banking,"ABSL Bank&Financial; Ser -DP (G)",MBS1453,"2018-12-16 00:00:00"
"Repco Home","Banking & Financial Services",1174666,43.43,2.78,Technology,"ABSL Bank&Financial; Ser -DP (G)",MBS1453,"2018-12-16 00:00:00"
"Repco Home","Banking & Financial Services",50212,1.86,2.17,Banking,"ABSL Intl. Equity - B (G)",MBS205,"2018-12-16 00:00:00"
"Repco Home","Banking & Financial Services",50212,1.86,2.17,Technology,"ABSL Intl. Equity - B (G)",MBS205,"2018-12-16 00:00:00"
"Repco Home","Banking & Financial Services",102063,4.4,1.7,Midcap,"ABSL Emer. Leaders-Sr 6-RP (G)",MBS2055,"2018-12-16 00:00:00"
"Repco Home","Banking & Financial Services",971,0.04,1.7,Midcap,"ABSL Emer. Leaders-Sr 6-DP (G)",MBS2057,"2018-12-16 00:00:00"
"Repco Home","Banking & Financial Services",100882,3.73,0.07,LargeMid,"ABSL Equity Advantage Fund - D (G)",MBS807,"2018-12-16 00:00:00"
"Repco Home","Banking & Financial Services",590000,21.82,0.22,Diversified,"ABSL Equity Fund -Direct (G)",MBS811,"2018-12-16 00:00:00"
"Repco Home","Banking & Financial Services",590000,21.82,0.22,Multicap,"ABSL Equity Fund -Direct (G)",MBS811,"2018-12-16 00:00:00"
"Repco Home","Banking & Financial Services",70000,2.59,0.43,Banking,"ABSL Infrastructure -Direct (G)",MBS821,"2018-12-16 00:00:00"
"Repco Home","Banking & Financial Services",70000,2.59,0.43,Technology,"ABSL Infrastructure -Direct (G)",MBS821,"2018-12-16 00:00:00"
"Repco Home","Banking & Financial Services",50212,1.86,2.17,Banking,"ABSL Intl. Equity B -Direct (G)",MBS825,"2018-12-16 00:00:00"
"Repco Home","Banking & Financial Services",50212,1.86,2.17,Technology,"ABSL Intl. Equity B -Direct (G)",MBS825,"2018-12-16 00:00:00"
"Repco Home","Banking & Financial Services",850000,31.43,1.49,Smallcap,"ABSL Small Cap Fund - D (G)",MBS833,"2018-12-16 00:00:00"
"Repco Home","Banking & Financial Services",756226,27.96,0.2,AgressiveHybrid,"ABSL Equity Hybrid '95 Fund - D (G)",MBS849,"2018-12-16 00:00:00"
"Repco Home","Banking & Financial Services",756226,27.96,0.2,Balanced,"ABSL Equity Hybrid '95 Fund - D (G)",MBS849,"2018-12-16 00:00:00"
"Repco Home","Banking & Financial Services",56700,2.1,0.38,MIPA,"L&T; Dynamic Equity Fund -Direct (G)",MCC311,"2018-12-16 00:00:00"
"Repco Home","Banking & Financial Services",232200,8.59,0.95,Arbitrage,"L&T; Arbitrage Oppor. - Regular (G)",MCC502,"2018-12-16 00:00:00"
"Repco Home","Banking & Financial Services",232200,8.59,0.95,Arbitrage,"L&T; Arbitrage Oppor. - Direct (G)",MCC504,"2018-12-16 00:00:00"
"Repco Home","Banking & Financial Services",1255776,46.43,0.85,Midcap,"DSP Mid Cap - Regular (G)",MDS056,"2018-12-16 00:00:00"
"Repco Home","Banking & Financial Services",1837763,67.95,1.39,Smallcap,"DSP Small Cap Fund - Regular (G)",MDS076,"2018-12-16 00:00:00"
"Repco Home","Banking & Financial Services",1255776,46.43,0.85,Midcap,"DSP Mid Cap - Direct (G)",MDS574,"2018-12-16 00:00:00"
"Repco Home","Banking & Financial Services",1837763,67.95,1.39,Smallcap,"DSP Small Cap Fund - Direct (G)",MDS584,"2018-12-16 00:00:00"
"Repco Home","Banking & Financial Services",56700,2.1,0.38,MIPA,"L&T; Dynamic Equity Fund (G)",MFF105,"2018-12-16 00:00:00"
"Repco Home","Banking & Financial Services",1194443,44.16,1.1,Value,"HDFC Capital Builder Value Fund - D (G)",MHD1148,"2018-12-16 00:00:00"
"Repco Home","Banking & Financial Services",132218,4.89,0.16,MIPA,"ABSL BAF (G)",MIN007,"2018-12-16 00:00:00"
"Repco Home","Banking & Financial Services",132218,4.89,0.16,MIPA,"ABSL BAF - Direct (G)",MIN389,"2018-12-16 00:00:00"
"Repco Home","Banking & Financial Services",8100,0.3,0.01,AgressiveHybrid,"JM Equity Hybrid Fund (G)",MJM004,"2018-12-16 00:00:00"
"Repco Home","Banking & Financial Services",8100,0.3,0.01,Balanced,"JM Equity Hybrid Fund (G)",MJM004,"2018-12-16 00:00:00"
"Repco Home","Banking & Financial Services",8100,0.3,0.01,AgressiveHybrid,"JM Equity Hybrid Fund - D (G)",MJM328,"2018-12-16 00:00:00"
"Repco Home","Banking & Financial Services",8100,0.3,0.01,Balanced,"JM Equity Hybrid Fund - D (G)",MJM328,"2018-12-16 00:00:00"
"Repco Home","Banking & Financial Services",86400,3.2,0.02,Arbitrage,"Kotak Equity Arbitrage - Regular (G)",MKM079,"2018-12-16 00:00:00"
"Repco Home","Banking & Financial Services",86400,3.2,0.02,Arbitrage,"Kotak Equity Arbitrage - Direct (G)",MKM526,"2018-12-16 00:00:00"
"Repco Home","Banking & Financial Services",515206,19.05,0.52,ELSS,"Franklin India Tax Shield (G)",MKP007,"2018-12-16 00:00:00"
"Repco Home","Banking & Financial Services",248911,9.2,1.59,Banking,"Franklin India Oppor. (G)",MKP028,"2018-12-16 00:00:00"
"Repco Home","Banking & Financial Services",248911,9.2,1.59,Technology,"Franklin India Oppor. (G)",MKP028,"2018-12-16 00:00:00"
"Repco Home","Banking & Financial Services",608810,22.51,0.4,Smallcap,"HDFC Small Cap Fund  (G)",MMS002,"2018-12-16 00:00:00"
"Repco Home","Banking & Financial Services",608810,22.51,0.4,Smallcap,"HDFC Small Cap Fund - Direct (G)",MMS025,"2018-12-16 00:00:00"
"Repco Home","Banking & Financial Services",6275,0.39,0.52,MIPC,"Essel Regular Savings (G)",MPM025,"2018-12-16 00:00:00"
"Repco Home","Banking & Financial Services",47550,2.99,2.59,Large,"Essel Large Cap Equity (G)",MPM034,"2018-12-16 00:00:00"
"Repco Home","Banking & Financial Services",10460,0.66,2.59,Large,"Essel Large Cap Equity - D (G)",MPM040,"2018-12-16 00:00:00"
"Repco Home","Banking & Financial Services",200,0.01,0.52,MIPC,"Essel Regular Savings - Direct (G)",MPM042,"2018-12-16 00:00:00"
"Repco Home","Banking & Financial Services",13500,0.5,0.01,Arbitrage,"Reliance Arbitrage Fund (G)",MRC600,"2018-12-16 00:00:00"
"Repco Home","Banking & Financial Services",13500,0.5,0.01,Arbitrage,"Reliance Arbitrage Fund - Direct (G)",MRC899,"2018-12-16 00:00:00"
"Repco Home","Banking & Financial Services",3465705,128.14,1.89,Smallcap,"Franklin (I) Smaller Cos (G)",MTE090,"2018-12-16 00:00:00"
"Repco Home","Banking & Financial Services",515206,19.05,0.52,ELSS,"Franklin (I) Tax Shield -Direct (G)",MTE311,"2018-12-16 00:00:00"
"Repco Home","Banking & Financial Services",3465705,128.14,1.89,Smallcap,"Franklin (I) Smaller Co -Direct (G)",MTE313,"2018-12-16 00:00:00"
"Repco Home","Banking & Financial Services",248911,9.2,1.59,Banking,"Franklin (I) Opport. - Direct (G)",MTE319,"2018-12-16 00:00:00"
"Repco Home","Banking & Financial Services",248911,9.2,1.59,Technology,"Franklin (I) Opport. - Direct (G)",MTE319,"2018-12-16 00:00:00"
"Repco Home","Banking & Financial Services",1194443,44.16,1.1,Value,"HDFC Capital Builder Value Fund (G)",MZU016,"2018-12-16 00:00:00"
"Repco Home","Banking & Financial Services",171000,6.32,0.3,Arbitrage,"Axis Arbitrage Fund-RP (G)",MAA586,"2019-01-07 00:00:00"
"Repco Home","Banking & Financial Services",171000,6.32,0.3,Arbitrage,"Axis Arbitrage Fund-DP (G)",MAA588,"2019-01-07 00:00:00"
"Repco Home","Banking & Financial Services",20000,0.74,0.21,MIPC,"BNP Paribas Conser. Hybrid (G)",MAB003,"2019-01-07 00:00:00"
"Repco Home","Banking & Financial Services",20000,0.74,0.21,MIPC,"BNP Paribas Conser. Hybrid - D (G)",MAB730,"2019-01-07 00:00:00"
"Repco Home","Banking & Financial Services",756226,27.96,0.2,AgressiveHybrid,"ABSL Equity Hybrid '95 Fund (G)",MAC001,"2019-01-07 00:00:00"
"Repco Home","Banking & Financial Services",756226,27.96,0.2,Balanced,"ABSL Equity Hybrid '95 Fund (G)",MAC001,"2019-01-07 00:00:00"
"Repco Home","Banking & Financial Services",590000,21.82,0.22,Diversified,"ABSL Equity Fund (G)",MAC006,"2019-01-07 00:00:00"
"Repco Home","Banking & Financial Services",590000,21.82,0.22,Multicap,"ABSL Equity Fund (G)",MAC006,"2019-01-07 00:00:00"
"Repco Home","Banking & Financial Services",100882,3.73,0.07,LargeMid,"ABSL Equity Advantage Fund (G)",MBS022,"2019-01-07 00:00:00"
"Repco Home","Banking & Financial Services",263828,9.76,0.39,MIPC,"ABSL Regular Savings Fund (G)",MBS061,"2019-01-07 00:00:00"
"Repco Home","Banking & Financial Services",70000,2.59,0.43,Banking,"ABSL Infrastructure (G)",MBS094,"2019-01-07 00:00:00"
"Repco Home","Banking & Financial Services",70000,2.59,0.43,Technology,"ABSL Infrastructure (G)",MBS094,"2019-01-07 00:00:00"
"Repco Home","Banking & Financial Services",850000,31.43,1.49,Smallcap,"ABSL Small Cap Fund (G)",MBS104,"2019-01-07 00:00:00"
"Repco Home","Banking & Financial Services",1174666,43.43,2.78,Banking,"ABSL Bank&Financial; Ser -RP (G)",MBS1451,"2019-01-07 00:00:00"
"Repco Home","Banking & Financial Services",1174666,43.43,2.78,Technology,"ABSL Bank&Financial; Ser -RP (G)",MBS1451,"2019-01-07 00:00:00"
"Repco Home","Banking & Financial Services",1174666,43.43,2.78,Banking,"ABSL Bank&Financial; Ser -DP (G)",MBS1453,"2019-01-07 00:00:00"
"Repco Home","Banking & Financial Services",1174666,43.43,2.78,Technology,"ABSL Bank&Financial; Ser -DP (G)",MBS1453,"2019-01-07 00:00:00"
"Repco Home","Banking & Financial Services",50212,1.86,2.17,Banking,"ABSL Intl. Equity - B (G)",MBS205,"2019-01-07 00:00:00"
"Repco Home","Banking & Financial Services",50212,1.86,2.17,Technology,"ABSL Intl. Equity - B (G)",MBS205,"2019-01-07 00:00:00"
"Repco Home","Banking & Financial Services",102063,4.4,1.7,Midcap,"ABSL Emer. Leaders-Sr 6-RP (G)",MBS2055,"2019-01-07 00:00:00"
"Repco Home","Banking & Financial Services",971,0.04,1.7,Midcap,"ABSL Emer. Leaders-Sr 6-DP (G)",MBS2057,"2019-01-07 00:00:00"
"Repco Home","Banking & Financial Services",100882,3.73,0.07,LargeMid,"ABSL Equity Advantage Fund - D (G)",MBS807,"2019-01-07 00:00:00"
"Repco Home","Banking & Financial Services",590000,21.82,0.22,Diversified,"ABSL Equity Fund -Direct (G)",MBS811,"2019-01-07 00:00:00"
"Repco Home","Banking & Financial Services",590000,21.82,0.22,Multicap,"ABSL Equity Fund -Direct (G)",MBS811,"2019-01-07 00:00:00"
"Repco Home","Banking & Financial Services",70000,2.59,0.43,Banking,"ABSL Infrastructure -Direct (G)",MBS821,"2019-01-07 00:00:00"
"Repco Home","Banking & Financial Services",70000,2.59,0.43,Technology,"ABSL Infrastructure -Direct (G)",MBS821,"2019-01-07 00:00:00"
"Repco Home","Banking & Financial Services",50212,1.86,2.17,Banking,"ABSL Intl. Equity B -Direct (G)",MBS825,"2019-01-07 00:00:00"
"Repco Home","Banking & Financial Services",50212,1.86,2.17,Technology,"ABSL Intl. Equity B -Direct (G)",MBS825,"2019-01-07 00:00:00"
"Repco Home","Banking & Financial Services",850000,31.43,1.49,Smallcap,"ABSL Small Cap Fund - D (G)",MBS833,"2019-01-07 00:00:00"
"Repco Home","Banking & Financial Services",756226,27.96,0.2,AgressiveHybrid,"ABSL Equity Hybrid '95 Fund - D (G)",MBS849,"2019-01-07 00:00:00"
"Repco Home","Banking & Financial Services",756226,27.96,0.2,Balanced,"ABSL Equity Hybrid '95 Fund - D (G)",MBS849,"2019-01-07 00:00:00"
"Repco Home","Banking & Financial Services",56700,2.1,0.38,MIPA,"L&T; Dynamic Equity Fund -Direct (G)",MCC311,"2019-01-07 00:00:00"
"Repco Home","Banking & Financial Services",232200,8.59,0.95,Arbitrage,"L&T; Arbitrage Oppor. - Regular (G)",MCC502,"2019-01-07 00:00:00"
"Repco Home","Banking & Financial Services",232200,8.59,0.95,Arbitrage,"L&T; Arbitrage Oppor. - Direct (G)",MCC504,"2019-01-07 00:00:00"
"Repco Home","Banking & Financial Services",1255776,46.43,0.85,Midcap,"DSP Mid Cap - Regular (G)",MDS056,"2019-01-07 00:00:00"
"Repco Home","Banking & Financial Services",1837763,67.95,1.39,Smallcap,"DSP Small Cap Fund - Regular (G)",MDS076,"2019-01-07 00:00:00"
"Repco Home","Banking & Financial Services",1255776,46.43,0.85,Midcap,"DSP Mid Cap - Direct (G)",MDS574,"2019-01-07 00:00:00"
"Repco Home","Banking & Financial Services",1837763,67.95,1.39,Smallcap,"DSP Small Cap Fund - Direct (G)",MDS584,"2019-01-07 00:00:00"
"Repco Home","Banking & Financial Services",56700,2.1,0.38,MIPA,"L&T; Dynamic Equity Fund (G)",MFF105,"2019-01-07 00:00:00"
"Repco Home","Banking & Financial Services",1194443,44.16,1.1,Value,"HDFC Capital Builder Value Fund - D (G)",MHD1148,"2019-01-07 00:00:00"
"Repco Home","Banking & Financial Services",132218,4.89,0.16,MIPA,"ABSL BAF (G)",MIN007,"2019-01-07 00:00:00"
"Repco Home","Banking & Financial Services",132218,4.89,0.16,MIPA,"ABSL BAF - Direct (G)",MIN389,"2019-01-07 00:00:00"
"Repco Home","Banking & Financial Services",107100,3.96,0.03,Arbitrage,"Kotak Equity Arbitrage - Regular (G)",MKM079,"2019-01-07 00:00:00"
"Repco Home","Banking & Financial Services",107100,3.96,0.03,Arbitrage,"Kotak Equity Arbitrage - Direct (G)",MKM526,"2019-01-07 00:00:00"
"Repco Home","Banking & Financial Services",434531,17.34,0.54,ELSS,"Franklin India Tax Shield (G)",MKP007,"2019-01-07 00:00:00"
"Repco Home","Banking & Financial Services",213936,8.56,1.71,Banking,"Franklin India Oppor. (G)",MKP028,"2019-01-07 00:00:00"
"Repco Home","Banking & Financial Services",213936,8.56,1.71,Technology,"Franklin India Oppor. (G)",MKP028,"2019-01-07 00:00:00"
"Repco Home","Banking & Financial Services",608810,22.51,0.4,Smallcap,"HDFC Small Cap Fund  (G)",MMS002,"2019-01-07 00:00:00"
"Repco Home","Banking & Financial Services",608810,22.51,0.4,Smallcap,"HDFC Small Cap Fund - Direct (G)",MMS025,"2019-01-07 00:00:00"
"Repco Home","Banking & Financial Services",6275,0.39,0.52,MIPC,"Essel Regular Savings (G)",MPM025,"2019-01-07 00:00:00"
"Repco Home","Banking & Financial Services",47550,2.99,2.59,Large,"Essel Large Cap Equity (G)",MPM034,"2019-01-07 00:00:00"
"Repco Home","Banking & Financial Services",10460,0.66,2.59,Large,"Essel Large Cap Equity - D (G)",MPM040,"2019-01-07 00:00:00"
"Repco Home","Banking & Financial Services",200,0.01,0.52,MIPC,"Essel Regular Savings - Direct (G)",MPM042,"2019-01-07 00:00:00"
"Repco Home","Banking & Financial Services",114300,4.23,0.04,Arbitrage,"Reliance Arbitrage Fund (G)",MRC600,"2019-01-07 00:00:00"
"Repco Home","Banking & Financial Services",114300,4.23,0.04,Arbitrage,"Reliance Arbitrage Fund - Direct (G)",MRC899,"2019-01-07 00:00:00"
"Repco Home","Banking & Financial Services",2603851,104.13,1.98,Smallcap,"Franklin (I) Smaller Cos (G)",MTE090,"2019-01-07 00:00:00"
"Repco Home","Banking & Financial Services",54656,2.18,0.54,ELSS,"Franklin (I) Tax Shield -Direct (G)",MTE311,"2019-01-07 00:00:00"
"Repco Home","Banking & Financial Services",728748,29.14,1.98,Smallcap,"Franklin (I) Smaller Co -Direct (G)",MTE313,"2019-01-07 00:00:00"
"Repco Home","Banking & Financial Services",30621,1.22,1.71,Banking,"Franklin (I) Opport. - Direct (G)",MTE319,"2019-01-07 00:00:00"
"Repco Home","Banking & Financial Services",30621,1.22,1.71,Technology,"Franklin (I) Opport. - Direct (G)",MTE319,"2019-01-07 00:00:00"
"Repco Home","Banking & Financial Services",1194443,44.16,1.1,Value,"HDFC Capital Builder Value Fund (G)",MZU016,"2019-01-07 00:00:00"
"Repco Home","Banking & Financial Services",171000,6.32,0.3,Arbitrage,"Axis Arbitrage Fund-RP (G)",MAA586,"2019-01-11 00:00:00"
"Repco Home","Banking & Financial Services",171000,6.32,0.3,Arbitrage,"Axis Arbitrage Fund-DP (G)",MAA588,"2019-01-11 00:00:00"
"Repco Home","Banking & Financial Services",20000,0.74,0.21,MIPC,"BNP Paribas Conser. Hybrid (G)",MAB003,"2019-01-11 00:00:00"
"Repco Home","Banking & Financial Services",20000,0.74,0.21,MIPC,"BNP Paribas Conser. Hybrid - D (G)",MAB730,"2019-01-11 00:00:00"
"Repco Home","Banking & Financial Services",756226,27.96,0.2,AgressiveHybrid,"ABSL Equity Hybrid '95 Fund (G)",MAC001,"2019-01-11 00:00:00"
"Repco Home","Banking & Financial Services",756226,27.96,0.2,Balanced,"ABSL Equity Hybrid '95 Fund (G)",MAC001,"2019-01-11 00:00:00"
"Repco Home","Banking & Financial Services",590000,21.82,0.22,Diversified,"ABSL Equity Fund (G)",MAC006,"2019-01-11 00:00:00"
"Repco Home","Banking & Financial Services",590000,21.82,0.22,Multicap,"ABSL Equity Fund (G)",MAC006,"2019-01-11 00:00:00"
"Repco Home","Banking & Financial Services",100882,3.73,0.07,LargeMid,"ABSL Equity Advantage Fund (G)",MBS022,"2019-01-11 00:00:00"
"Repco Home","Banking & Financial Services",263828,9.76,0.39,MIPC,"ABSL Regular Savings Fund (G)",MBS061,"2019-01-11 00:00:00"
"Repco Home","Banking & Financial Services",70000,2.59,0.43,Banking,"ABSL Infrastructure (G)",MBS094,"2019-01-11 00:00:00"
"Repco Home","Banking & Financial Services",70000,2.59,0.43,Technology,"ABSL Infrastructure (G)",MBS094,"2019-01-11 00:00:00"
"Repco Home","Banking & Financial Services",850000,31.43,1.49,Smallcap,"ABSL Small Cap Fund (G)",MBS104,"2019-01-11 00:00:00"
"Repco Home","Banking & Financial Services",1174666,43.43,2.78,Banking,"ABSL Bank&Financial; Ser -RP (G)",MBS1451,"2019-01-11 00:00:00"
"Repco Home","Banking & Financial Services",1174666,43.43,2.78,Technology,"ABSL Bank&Financial; Ser -RP (G)",MBS1451,"2019-01-11 00:00:00"
"Repco Home","Banking & Financial Services",1174666,43.43,2.78,Banking,"ABSL Bank&Financial; Ser -DP (G)",MBS1453,"2019-01-11 00:00:00"
"Repco Home","Banking & Financial Services",1174666,43.43,2.78,Technology,"ABSL Bank&Financial; Ser -DP (G)",MBS1453,"2019-01-11 00:00:00"
"Repco Home","Banking & Financial Services",50212,1.86,2.17,Banking,"ABSL Intl. Equity - B (G)",MBS205,"2019-01-11 00:00:00"
"Repco Home","Banking & Financial Services",50212,1.86,2.17,Technology,"ABSL Intl. Equity - B (G)",MBS205,"2019-01-11 00:00:00"
"Repco Home","Banking & Financial Services",102063,4.4,1.7,Midcap,"ABSL Emer. Leaders-Sr 6-RP (G)",MBS2055,"2019-01-11 00:00:00"
"Repco Home","Banking & Financial Services",971,0.04,1.7,Midcap,"ABSL Emer. Leaders-Sr 6-DP (G)",MBS2057,"2019-01-11 00:00:00"
"Repco Home","Banking & Financial Services",100882,3.73,0.07,LargeMid,"ABSL Equity Advantage Fund - D (G)",MBS807,"2019-01-11 00:00:00"
"Repco Home","Banking & Financial Services",590000,21.82,0.22,Diversified,"ABSL Equity Fund -Direct (G)",MBS811,"2019-01-11 00:00:00"
"Repco Home","Banking & Financial Services",590000,21.82,0.22,Multicap,"ABSL Equity Fund -Direct (G)",MBS811,"2019-01-11 00:00:00"
"Repco Home","Banking & Financial Services",70000,2.59,0.43,Banking,"ABSL Infrastructure -Direct (G)",MBS821,"2019-01-11 00:00:00"
"Repco Home","Banking & Financial Services",70000,2.59,0.43,Technology,"ABSL Infrastructure -Direct (G)",MBS821,"2019-01-11 00:00:00"
"Repco Home","Banking & Financial Services",50212,1.86,2.17,Banking,"ABSL Intl. Equity B -Direct (G)",MBS825,"2019-01-11 00:00:00"
"Repco Home","Banking & Financial Services",50212,1.86,2.17,Technology,"ABSL Intl. Equity B -Direct (G)",MBS825,"2019-01-11 00:00:00"
"Repco Home","Banking & Financial Services",850000,31.43,1.49,Smallcap,"ABSL Small Cap Fund - D (G)",MBS833,"2019-01-11 00:00:00"
"Repco Home","Banking & Financial Services",756226,27.96,0.2,AgressiveHybrid,"ABSL Equity Hybrid '95 Fund - D (G)",MBS849,"2019-01-11 00:00:00"
"Repco Home","Banking & Financial Services",756226,27.96,0.2,Balanced,"ABSL Equity Hybrid '95 Fund - D (G)",MBS849,"2019-01-11 00:00:00"
"Repco Home","Banking & Financial Services",56700,2.1,0.38,MIPA,"L&T; Dynamic Equity Fund -Direct (G)",MCC311,"2019-01-11 00:00:00"
"Repco Home","Banking & Financial Services",232200,8.59,0.95,Arbitrage,"L&T; Arbitrage Oppor. - Regular (G)",MCC502,"2019-01-11 00:00:00"
"Repco Home","Banking & Financial Services",232200,8.59,0.95,Arbitrage,"L&T; Arbitrage Oppor. - Direct (G)",MCC504,"2019-01-11 00:00:00"
"Repco Home","Banking & Financial Services",1255776,46.43,0.85,Midcap,"DSP Mid Cap - Regular (G)",MDS056,"2019-01-11 00:00:00"
"Repco Home","Banking & Financial Services",1837763,67.95,1.39,Smallcap,"DSP Small Cap Fund - Regular (G)",MDS076,"2019-01-11 00:00:00"
"Repco Home","Banking & Financial Services",1255776,46.43,0.85,Midcap,"DSP Mid Cap - Direct (G)",MDS574,"2019-01-11 00:00:00"
"Repco Home","Banking & Financial Services",1837763,67.95,1.39,Smallcap,"DSP Small Cap Fund - Direct (G)",MDS584,"2019-01-11 00:00:00"
"Repco Home","Banking & Financial Services",56700,2.1,0.38,MIPA,"L&T; Dynamic Equity Fund (G)",MFF105,"2019-01-11 00:00:00"
"Repco Home","Banking & Financial Services",218712,8.73,1.15,Value,"HDFC Capital Builder Value Fund - D (G)",MHD1148,"2019-01-11 00:00:00"
"Repco Home","Banking & Financial Services",132218,4.89,0.16,MIPA,"ABSL BAF (G)",MIN007,"2019-01-11 00:00:00"
"Repco Home","Banking & Financial Services",132218,4.89,0.16,MIPA,"ABSL BAF - Direct (G)",MIN389,"2019-01-11 00:00:00"
"Repco Home","Banking & Financial Services",107100,3.96,0.03,Arbitrage,"Kotak Equity Arbitrage - Regular (G)",MKM079,"2019-01-11 00:00:00"
"Repco Home","Banking & Financial Services",107100,3.96,0.03,Arbitrage,"Kotak Equity Arbitrage - Direct (G)",MKM526,"2019-01-11 00:00:00"
"Repco Home","Banking & Financial Services",434531,17.34,0.54,ELSS,"Franklin India Tax Shield (G)",MKP007,"2019-01-11 00:00:00"
"Repco Home","Banking & Financial Services",213936,8.56,1.71,Banking,"Franklin India Oppor. (G)",MKP028,"2019-01-11 00:00:00"
"Repco Home","Banking & Financial Services",213936,8.56,1.71,Technology,"Franklin India Oppor. (G)",MKP028,"2019-01-11 00:00:00"
"Repco Home","Banking & Financial Services",961932,38.47,0.97,Smallcap,"HDFC Small Cap Fund  (G)",MMS002,"2019-01-11 00:00:00"
"Repco Home","Banking & Financial Services",365762,14.63,0.97,Smallcap,"HDFC Small Cap Fund - Direct (G)",MMS025,"2019-01-11 00:00:00"
"Repco Home","Banking & Financial Services",6275,0.39,0.52,MIPC,"Essel Regular Savings (G)",MPM025,"2019-01-11 00:00:00"
"Repco Home","Banking & Financial Services",47550,2.99,2.59,Large,"Essel Large Cap Equity (G)",MPM034,"2019-01-11 00:00:00"
"Repco Home","Banking & Financial Services",10460,0.66,2.59,Large,"Essel Large Cap Equity - D (G)",MPM040,"2019-01-11 00:00:00"
"Repco Home","Banking & Financial Services",200,0.01,0.52,MIPC,"Essel Regular Savings - Direct (G)",MPM042,"2019-01-11 00:00:00"
"Repco Home","Banking & Financial Services",114300,4.23,0.04,Arbitrage,"Reliance Arbitrage Fund (G)",MRC600,"2019-01-11 00:00:00"
"Repco Home","Banking & Financial Services",114300,4.23,0.04,Arbitrage,"Reliance Arbitrage Fund - Direct (G)",MRC899,"2019-01-11 00:00:00"
"Repco Home","Banking & Financial Services",2603851,104.13,1.98,Smallcap,"Franklin (I) Smaller Cos (G)",MTE090,"2019-01-11 00:00:00"
"Repco Home","Banking & Financial Services",54656,2.18,0.54,ELSS,"Franklin (I) Tax Shield -Direct (G)",MTE311,"2019-01-11 00:00:00"
"Repco Home","Banking & Financial Services",728748,29.14,1.98,Smallcap,"Franklin (I) Smaller Co -Direct (G)",MTE313,"2019-01-11 00:00:00"
"Repco Home","Banking & Financial Services",30621,1.22,1.71,Banking,"Franklin (I) Opport. - Direct (G)",MTE319,"2019-01-11 00:00:00"
"Repco Home","Banking & Financial Services",30621,1.22,1.71,Technology,"Franklin (I) Opport. - Direct (G)",MTE319,"2019-01-11 00:00:00"
"Repco Home","Banking & Financial Services",898187,35.85,1.15,Value,"HDFC Capital Builder Value Fund (G)",MZU016,"2019-01-11 00:00:00"
