symbol,52 weeks HighLow,Altman Z Score,Average Earnings 5Year,Average return on equity 3Years,Average return on equity 5Years,Average return on equity 7Years,Book Value,Cash 3Years back,Cash 5Years back,Cash beginning of last year,Cash by market cap,Cash end of last year,Current Price,Debt,Debt to equity,Dividend last year,Dividend Yield,Enterprise Value,Enterprise Value to EBIT,EPS,EPS last year,EVEBITDA,Face Value,Interest Coverage,Intrinsic Value,Market Cap,NCAVPS,Net worth,Number of equity shares,OPM 5Year,Piotroski score,Price to Cash Flow,Price to Free Cash Flow,Price to Sales,Profit growth,Profit growth 3Years,Profit growth 5Years,Profit growth 7Years,Return on assets,Return on capital employed,Return on equity,Return on invested capital,ROCE,ROE,Sales growth,Sales Growth (3Yrs),Sales growth 3Years,Sales growth 5Years,Sales growth 7Years,Stock P/E,Volume,Working Capital to Sales ratio,YOY Quarterly profit growth,YOY Quarterly sales growth
ELECTROSL,52 weeks High / Low 78.10 / 0.94, 1.89, -784.73 Cr., %, %, %, 16.82, 259.81 Cr., 92.51 Cr., 95.02 Cr., 0.07 %, 688.33 Cr., 31.00," 3,585 Cr.", 1.09, 0.00 Cr., 0.00 %," 8,978 Cr.", 121.18, -20.54, 0.00, 17.14, 10.00, 0.21,," 6,081 Cr.", -13.85," 3,300 Cr.", 196.17, 2.80 %, 7.00, 5.85, 6.16, 1.48, 282 %, 13.00 %, 26.53 %, 103 %, -13.92 %, -1.71 %, %, 10.45 %, -1.71 %, %, 56.38 %, 24.00 %, 24.00 %, 84.54 %, 141 %,,, 21.10 %, 72.95 %, 39.67 %
MITTAL,52 weeks High / Low 78.10 / 0.94, 1.89, -784.73 Cr., %, %, %, 16.82, 259.81 Cr., 92.51 Cr., 95.02 Cr., 0.07 %, 688.33 Cr., 31.00," 3,585 Cr.", 1.09, 0.00 Cr., 0.00 %," 8,978 Cr.", 121.18, -20.54, 0.00, 17.14, 10.00, 0.21,," 6,081 Cr.", -13.85," 3,300 Cr.", 196.17, 2.80 %, 7.00, 5.85, 6.16, 1.48, 282 %, 13.00 %, 26.53 %, 103 %, -13.92 %, -1.71 %, %, 10.45 %, -1.71 %, %, 56.38 %, 24.00 %, 24.00 %, 84.54 %, 141 %,,, 21.10 %, 72.95 %, 39.67 %
GANGOTRI,52 weeks High / Low None / None, 0.14, -3.57 Cr., -25.29 %, -13.63 %, -9.85 %, -0.12, 1.59 Cr., 1.49 Cr., 1.21 Cr., 1.22 %, 0.97 Cr., 0.45, 139.25 Cr., 284.18, 0.00 Cr., 0.00 %, 139.49 Cr., -42.14, -1.22, 0.00, -296.79, 5.00,,, 1.21 Cr., -35.73, -0.31 Cr., 2.69, 0.94 %, 3.00, 0.14, 0.14,, -47.19 %, %, %, %, -10.46 %, -2.28 %, -85.74 %, -2.77 %, -2.28 %, -85.74 %, -100.00 %, -29.43 %, -29.43 %, 4.75 %, 9.29 %,,, %, 3.61 %, %
BALAXI,52 weeks High / Low 140.40 / 14.75, 9.18, -0.16 Cr., -12.99 %, -7.63 %, -5.92 %, 11.58, 0.02 Cr., 0.53 Cr., 2.30 Cr., 0.08 %, 1.65 Cr., 80.75, 0.00 Cr., 0.00, 0.00 Cr., 0.00 %, 22.90 Cr., 9.39, 6.46, 0.00, 9.39, 10.00,,, 24.55 Cr., 10.63, 3.52 Cr., 0.30, %, 4.00, -35.63, -35.11, 1.81, -353 %, %, %, %, -39.79 %, -39.79 %, -39.79 %, -50.66 %, -39.79 %, -39.79 %, %, %, %, %, %, 12.46," 7,619", 23.47 %, 414 %, %
BILENERGY,52 weeks High / Low 6.57 / 0.45, 0.91, -5.69 Cr., -17.64 %, -23.29 %, -19.21 %, 1.01, 0.11 Cr., 1.38 Cr., 1.62 Cr., 0.01 %, 0.09 Cr., 4.30, 0.00 Cr., 0.00, 0.00 Cr., 0.00 %, 90.82 Cr., 9.74, 0.43, 0.00, 7.10, 1.00, 51.78, 5.00, 90.91 Cr., -0.47, 21.38 Cr., 21.14, -6.49 %, 5.00, 22.84, 24.50, 9.92, -180 %, 91.74 %, 13.71 %, %, -11.62 %, -11.08 %, -63.32 %, -11.47 %, -11.08 %, -63.32 %, -50.30 %, -23.99 %, -23.99 %, -28.28 %, -17.40 %, 9.96," 207,569", -109 %, 215 %, 60.50 %
PRAKASHSTL,52 weeks High / Low 1.05 / 0.05, -1.61, -13.06 Cr., %, %, %, -15.30, 9.39 Cr., 14.52 Cr., 0.02 Cr., 0.31 %, 0.48 Cr., 0.25, 242.84 Cr.,, 0.00 Cr., 0.00 %, 246.74 Cr., 10.86, 0.79, 0.00, 9.84, 1.00, 567.75, -0.19, 4.38 Cr., -29.78, -268.10 Cr., 17.52, 1.46 %, 6.00, 3.84, 1.98, 0.10, -106 %, -27.18 %, -12.49 %, -16.15 %, 8.60 %, 0.06 %, %, -0.48 %, 0.06 %, %, -5.83 %, -65.09 %, -65.09 %, -43.51 %, -29.86 %, 0.19," 126,950", -649 %, 170 %, 16.83 %
SPCENET,52 weeks High / Low 1.75 / 0.25, -4.35, -0.04 Cr., %, %, %, -2.12, 0.01 Cr., 0.00 Cr., 0.27 Cr., 0.03 %, 0.10 Cr., 1.30, 6.83 Cr.,, 0.00 Cr., 0.00 %, 13.10 Cr., -436.67, -0.01, 1.01, -436.67, 1.00,,, 6.37 Cr., -2.16, -10.39 Cr., 4.90, -28.62 %, 4.00, 1.09, 1.09, 12.02, -138 %, 335 %, %, %, 999 %, %, %, 17.70 %, %, %, %, -47.06 %, -47.06 %, -31.96 %, %,," 7,473", -704 %, -72.41 %, %
SHUBHLAXMI,52 weeks High / Low 119.80 / 27.10, 6.25, Cr., %, %, %, 7.03, Cr., Cr., 0.08 Cr., %, 0.38 Cr., 119.70, 8.97 Cr., 1.54, 0.00 Cr., 0.00 %, 107.99 Cr.," 1,080",,, 899.92, 10.00, 1.43,, 99.40 Cr., 4.00, 5.84 Cr., 0.83, %, 3.00, 180.64, 180.64, 48.97, %, %, %, %, 999 %, %, %, 0.75 %, %, %, %, %, %, %, %," 2,485"," 15,200", 605 %, %, %
REFEX,52 weeks High / Low 59.20 / 10.52, 2.79, 2.21 Cr., 24.38 %, 35.17 %, -34.76 %, 7.20, 0.62 Cr., 1.13 Cr., 0.76 Cr., 0.01 %, 0.69 Cr., 58.70, 12.39 Cr., 0.79, 0.00 Cr., 0.00 %, 102.57 Cr., 7.45, 8.72, 0.61, 7.00, 10.00, 57.33,, 90.87 Cr., 9.77, 15.62 Cr., 1.55, 4.85 %, 5.00, -28.26, -23.88, 0.32," 1,064 %", -32.11 %, %, -24.95 %, 1.95 %, 6.51 %, 9.09 %, 3.80 %, 6.51 %, 9.09 %, 426 %, -3.17 %, -3.17 %, 35.33 %, -0.60 %, 6.73," 54,813", 9.74 %, 714 %," 2,966 %"
ATNINTER,52 weeks High / Low 0.35 / 0.05, -0.60, -0.60 Cr., %, %, %, -0.35, 0.05 Cr., 0.11 Cr., 0.08 Cr., 0.14 %, 0.08 Cr., 0.15, 9.54 Cr.,, 0.00 Cr., 0.00 %, 10.05 Cr., -43.70, -0.07, 0.00, -43.70, 4.00,,, 0.59 Cr., -4.88, -1.39 Cr., 3.93, -193 %, 5.00, -0.30, -0.30, 3.69, -61.67 %, %, -15.01 %, -4.15 %, -6.37 %, -6.37 %, %, -68.29 %, -6.37 %, %, 23.08 %, -7.58 %, -7.58 %, -17.81 %, -15.80 %,, 384," -6,013 %", 95.45 %, -50.00 %
MAHASTEEL,52 weeks High / Low 202.00 / 62.00, 2.90, -1.85 Cr., -4.98 %, -1.81 %, -0.13 %, 67.69, 7.24 Cr., 3.74 Cr., 0.25 Cr., 0.02 %, 5.10 Cr., 193.50, 99.53 Cr., 1.08, 0.00 Cr., 0.00 %, 357.02 Cr., 19.39, 4.50, 1.87, 14.43, 10.00, 1.65, 136.36, 262.59 Cr., -53.84, 91.86 Cr., 1.36, 4.46 %, 8.00, 94.66, 265.82, 0.56, 55.87 %, 8.26 %, 22.62 %, -19.13 %, 1.40 %, 10.03 %, 4.11 %, 14.41 %, 10.03 %, 4.11 %, 56.66 %, 0.62 %, 0.62 %, -2.29 %, -8.82 %, 42.84," 41,793", 5.66 %, -79.33 %, -9.34 %
BLUECHIP,52 weeks High / Low 0.90 / 0.05, -0.16, -0.03 Cr., -10.18 %, -2.75 %, 9.32 %, 0.10, 0.02 Cr., 0.23 Cr., 0.01 Cr., 0.00 %, 0.02 Cr., 0.55, 0.00 Cr., 0.00, 0.00 Cr., 0.00 %, 3.02 Cr., -8.16, -0.07, 0.00, -8.16, 2.00,,, 3.04 Cr., -0.78, 0.54 Cr., 5.53, 0.45 %, 6.00, 304.15, 304.15, 101.33, 192 %, %, %, -32.08 %, -13.13 %, -13.13 %, -13.13 %, 7.56 %, -13.13 %, -13.13 %, -84.21 %, -65.54 %, -65.54 %, -61.14 %, -58.78 %,,," -14,433 %", -440 %, -100.00 %
SVLL,52 weeks High / Low 118.00 / 48.00, 4.43, Cr., %, %, %, 10.47, Cr., Cr., 0.34 Cr., 0.00 %, 0.05 Cr., 117.80, 19.03 Cr., 2.38, 0.00 Cr., 0.00 %, 109.03 Cr., 21.94,,, 15.92, 10.00, 2.60,, 90.05 Cr., -14.80, 8.00 Cr., 0.76, %, 6.00, 8.92, 15.20, 2.88, 192 %, %, %, %, 8.55 %, 19.13 %, 32.31 %, 29.55 %, 19.13 %, 32.31 %, 14.92 %, %, %, %, %, 40.56,, 24.88 %, %, %
VINATIORGA,52 weeks High / Low 2199.00 / 909.05, 75.32, 123.19 Cr., 22.64 %, 24.80 %, 25.82 %, 204.56, 27.14 Cr., 33.77 Cr., 62.10 Cr., 0.00 %, 5.24 Cr.," 2,156", 3.68 Cr., 0.00, 23.13 Cr., 0.21 %," 11,078 Cr.", 25.99, 54.97, 28.00, 24.42, 2.00, 453.39," 2,161"," 11,080 Cr.", 85.33," 1,051 Cr.", 5.14, 28.18 %, 5.00, 80.11, 115.30, 9.95, 96.32 %, 7.46 %, 15.96 %, 15.66 %, 19.00 %, 27.52 %, 19.50 %, 34.02 %, 27.52 %, 19.50 %, 49.75 %, -1.24 %, -1.24 %, 6.05 %, 12.66 %, 39.22," 25,653", 39.73 %, 58.99 %, 39.51 %
JAIBALAJI,52 weeks High / Low 39.00 / 7.10, 0.31, -364.11 Cr., %, %, %, -148.01, 31.67 Cr., 39.57 Cr., 2.15 Cr., 0.03 %, 7.96 Cr., 30.70," 3,510 Cr.",, 0.00 Cr., 0.00 %," 3,798 Cr.", -90.22, -15.94, 0.00, 63.82, 10.00, -0.38,, 295.91 Cr., -316.59," -1,426.62 Cr.", 9.64, -3.89 %, 4.00, 4.51, 8.76, 0.10, -40.12 %, -17.35 %, 0.30 %, %, -9.85 %, -8.31 %, %, -4.98 %, -8.31 %, %, 28.80 %, 17.37 %, 17.37 %, 9.11 %, 1.41 %,," 10,626", 14.89 %, -12.75 %, 2.90 %
ADANIGAS,52 weeks High / Low 174.50 / 70.20, 21.52, Cr., %, %, %, 10.11, Cr., Cr., 21.17 Cr., 0.00 %, 24.28 Cr., 164.85, 345.76 Cr., 0.31, 0.00 Cr., 0.00 %," 18,452 Cr.", 38.93,,, 34.09, 1.00, 5.28,," 18,130 Cr.", 0.96," 1,111 Cr.", 109.98, %, 7.00, 62.54, 122.10, 10.55, %, %, %, %, 11.78 %, 25.03 %, 21.60 %, 30.39 %, 25.03 %, 21.60 %, %, %, %, %, %, 73.68," 2,320,433", 26.26 %, 82.91 %, 4.56 %
DHAMPURSUG,52 weeks High / Low 252.75 / 71.70, 1.28, 61.42 Cr., 17.04 %, 9.54 %, 8.54 %, 184.48, 16.73 Cr., 23.73 Cr., 20.23 Cr., 0.03 %, 46.94 Cr., 224.10," 1,676 Cr.", 1.37, 39.87 Cr., 1.34 %," 3,117 Cr.", 7.59, 37.81, 22.83, 6.48, 10.00, 4.49, 76.90," 1,488 Cr.", -226.64," 1,225 Cr.", 6.64, 11.42 %, 6.00, 1.85, 2.25, 0.50, 52.87 %, %, 46.65 %, 41.90 %, 5.68 %, 12.30 %, 15.93 %, 14.57 %, 12.30 %, 15.93 %, -11.87 %, 23.55 %, 23.55 %, 17.74 %, 5.21 %, 5.93," 382,763", 5.79 %," 1,274 %", -3.57 %
VERA,52 weeks High / Low 99.10 / 37.00, 4.64, Cr., %, %, %, 10.50, Cr., Cr., 0.46 Cr., 0.01 %, 0.55 Cr., 86.00, 5.01 Cr., 0.97, 0.00 Cr., 0.00 %, 46.90 Cr., 24.55,,, 19.62, 10.00, 5.16,, 42.44 Cr., 3.18, 5.18 Cr., 0.49, %, 3.00, -66.89, -66.89, 1.92, 147 %, %, %, %, 13.97 %, 25.18 %, 22.77 %, 22.85 %, 25.18 %, 22.77 %, 22.23 %, %, %, %, %, 40.04,, 29.65 %, %, %
AUSTRAL,52 weeks High / Low 0.29 / 0.10, -1.99, -21.22 Cr., %, %, %, -8.77, 0.56 Cr., 3.41 Cr., 0.57 Cr., 0.09 %, 0.57 Cr., 0.21, 272.46 Cr.,, 0.00 Cr., 0.00 %, 278.17 Cr., -57.71, -0.18, 0.00," -3,477.13", 1.00,,, 6.28 Cr., -17.59, -264.35 Cr., 29.90, -170 %, 4.00, -89.70, -89.70, 62.80, -125 %, -43.68 %, -26.05 %, -42.18 %, -47.31 %, -47.29 %, %, 1.66 %, -47.29 %, %, -50.00 %, -74.14 %, -74.14 %, -68.32 %, -64.10 %,,," -253,510 %", 33.55 %, -50.00 %
AKASH,52 weeks High / Low 51.65 / 29.80, 5.13, Cr., %, %, %, 27.18, Cr., Cr., 0.00 Cr., %, 0.34 Cr., 47.00, 9.75 Cr., 0.42, 0.00 Cr., 0.00 %, 49.37 Cr., 14.48, 1.60, 1.60, 14.07, 10.00, 2.45,, 39.96 Cr., 11.87, 23.11 Cr., 0.85, %, 1.00,,, 0.86, %, %, %, %, 999 %, %, %, 12.97 %, %, %, %, %, %, %, %, 29.38, 3, 42.68 %, %, %
SEAMECLTD,52 weeks High / Low 494.90 / 182.90, 6.30, -19.14 Cr., -10.97 %, -4.16 %, -2.12 %, 135.00, 269.91 Cr., 85.22 Cr., 3.84 Cr., 0.07 %, 69.71 Cr., 457.00, 7.32 Cr., 0.02, 0.00 Cr., 0.00 %," 1,100 Cr.", 291.65, 0.39, 0.39, 20.87, 10.00, 3.52, -150.78," 1,162 Cr.", 27.65, 343.23 Cr., 2.54, 4.49 %, 8.00, 39.59, 93.39, 6.00, 101 %, -73.60 %, -53.43 %, %, 0.25 %, 1.06 %, 0.26 %, 13.50 %, 1.06 %, 0.26 %, -6.73 %, -17.95 %, -17.95 %, -10.51 %, 9.95 %," 1,291"," 3,826", 40.06 %, %, %
COUNCODOS,52 weeks High / Low 5.15 / 1.85, 4.92, 0.87 Cr., 4.05 %, 5.13 %, 5.03 %, 2.31, 1.93 Cr., 3.58 Cr., 4.40 Cr., 0.09 %, 2.75 Cr., 5.15, 1.29 Cr., 0.07, 0.00 Cr., 0.00 %, 38.50 Cr., 33.48, 0.11, 0.08, 26.37, 1.00, 9.58, -20.43, 39.96 Cr., 1.74, 18.30 Cr., 7.76, 4.82 %, 4.00, -15.55, -13.73, 1.55, 24.62 %, -27.47 %, -4.25 %, 14.88 %, 3.59 %, 6.26 %, 3.75 %, 7.45 %, 6.26 %, 3.75 %, 18.88 %, -10.26 %, -10.26 %, 28.80 %, 31.04 %, 49.33," 241,418", 57.24 %, 7.14 %, 14.46 %
AGROPHOS,52 weeks High / Low 79.95 / 26.70, 4.47, 3.18 Cr., 5.07 %, 14.04 %, %, 18.80, 1.40 Cr., 1.71 Cr., 2.08 Cr., 0.01 %, 0.93 Cr., 76.05, 18.48 Cr., 0.48, 0.10 Cr., 0.07 %, 171.73 Cr., 36.85, 0.44, 0.44, 30.02, 10.00, 1.79, -156.45, 154.18 Cr., 11.14, 38.12 Cr., 2.03, 10.06 %, 4.00, -335.61, -233.91, 2.58, -22.50 %, -54.81 %, -7.46 %, %, 1.59 %, 8.01 %, 2.47 %, 8.64 %, 8.01 %, 2.47 %, -7.36 %, -3.14 %, -3.14 %, 0.39 %, %, 165.78," 22,351", 68.90 %, %, %
BALRAMCHIN,52 weeks High / Low 169.00 / 59.70, 2.05, 201.21 Cr., 25.90 %, 15.30 %, 12.91 %, 91.17, 82.18 Cr., 191.19 Cr., 2.03 Cr., 0.00 %, 8.71 Cr., 154.00," 1,674 Cr.", 0.80, 57.10 Cr., 1.62 %," 5,183 Cr.", 8.15, 24.98, 9.16, 7.08, 1.00, 15.53, 411.71," 3,518 Cr.", -38.33," 2,083 Cr.", 22.84, 13.00 %, 6.00, 2.98, 3.36, 0.82, 158 %, %, 5.98 %, 3.15 %, 7.34 %, 12.83 %, 13.89 %, 18.54 %, 12.83 %, 13.89 %, -1.31 %, 13.28 %, 13.28 %, 5.81 %, 5.54 %, 6.16," 949,844", 18.63 %, 770 %, 29.43 %
CGCL,52 weeks High / Low 199.20 / 72.60, 1.12, 76.54 Cr., 5.98 %, 7.11 %, 7.08 %, 78.95, 34.69 Cr., 140.48 Cr., 10.61 Cr., 0.01 %, 31.37 Cr., 195.35," 2,719 Cr.", 1.97, 5.25 Cr., 0.15 %," 6,109 Cr.", 15.51, 7.74, 5.88, 15.26, 2.00, 1.90, 488.77," 3,421 Cr.", -79.15," 1,383 Cr.", 17.51, 61.22 %, 6.00, -5.48, -5.41, 5.95, 109 %, 3.26 %, 6.39 %, 2.59 %, 4.37 %, 10.44 %, 8.61 %, 47.16 %, 10.44 %, 8.61 %, 68.55 %, 24.34 %, 24.34 %, -28.21 %, -3.76 %, 25.22," 389,666", 232 %, 400 %, 78.94 %
IOLCP,52 weeks High / Low 235.00 / 77.05, 4.68, -14.09 Cr., -1.21 %, -7.20 %, -4.83 %, 83.38, 12.70 Cr., 12.39 Cr., 1.76 Cr., 0.01 %, 19.22 Cr., 214.15, 257.60 Cr., 0.54, 0.00 Cr., 0.00 %," 1,457 Cr.", 3.76, 42.11, 4.93, 3.47, 10.00, 7.54, 44.82," 1,218 Cr.", -4.64, 474.34 Cr., 5.69, 11.96 %, 8.00, 10.18, 17.06, 0.72, 755 %, %, 77.42 %, 24.17 %, 4.25 %, 15.12 %, 13.91 %, 18.79 %, 15.12 %, 13.91 %, 71.40 %, 36.72 %, 36.72 %, 15.35 %, 14.27 %, 5.15," 557,361", 13.72 %, 785 %, 46.87 %
VISESHINFO,52 weeks High / Low 0.23 / 0.05, 1.57, -9.30 Cr., -0.81 %, -2.05 %, -1.25 %, 1.22, 35.84 Cr., 36.48 Cr., 35.15 Cr., 1.86 %, 34.99 Cr., 0.05, 22.47 Cr., 0.05, 0.00 Cr., 0.00 %, 6.35 Cr., -1.38, -0.03, 0.01, -4.50, 1.00, -2.85,, 18.87 Cr., 0.18, 455.95 Cr., 377.40, -3.61 %, 3.00, -3.54, -0.77, 0.75, -303 %, 14.12 %, %, %, -0.67 %, -0.75 %, -0.70 %, -1.00 %, -0.75 %, -0.70 %, -75.86 %, -36.70 %, -36.70 %, -25.12 %, -11.07 %,," 2,581,862", 364 %, -161 %, -99.31 %
SOLARA,52 weeks High / Low 477.90 / 133.50, 1.88, Cr., %, %, %, 370.86, Cr., Cr., 14.46 Cr., %, 47.01 Cr., 466.70, 439.43 Cr., 0.46, 0.00 Cr., 0.00 %," 1,595 Cr.", 11.20, 22.83,, 7.07, 10.00, 1.73,," 1,203 Cr.", -170.69, 955.86 Cr., 2.58, %, 3.00, 24.46, 83.16, 0.87, %, %, %, %, 999 %, %, %, 4.59 %, %, %, %, %, %, %, %, 20.25," 27,067", -0.07 %, %, %
FINEORG,52 weeks High / Low 1588.00 / 735.00, 16.06, Cr., %, %, %, 129.02, Cr., Cr., 13.97 Cr., 0.00 %, 12.37 Cr.," 1,546", 113.01 Cr., 0.23, 21.46 Cr., 0.45 %," 4,841 Cr.", 31.39,,, 27.78, 5.00, 48.96,," 4,740 Cr.", 70.29, 500.24 Cr., 3.07, %, 4.00, 91.70, 408.10, 5.57, 22.33 %, %, %, %, 23.30 %, 37.71 %, 26.32 %, 45.72 %, 37.71 %, 26.32 %, 9.41 %, %, %, %, %, 49.76," 9,222", 38.61 %, %, %
SUULD,52 weeks High / Low 36.15 / 17.50, 7.15, 0.48 Cr., 3.17 %, 2.19 %, %, 10.29, 3.15 Cr., 0.05 Cr., 0.19 Cr., 0.03 %, 3.31 Cr., 26.00, 1.03 Cr., 0.04, 0.00 Cr., 0.00 %, 60.14 Cr., 28.37,,, 28.10, 10.00, 106.00,, 62.42 Cr., 9.84, 24.70 Cr., 2.40, 0.50 %, 6.00, 36.71, 99.05, 0.17, 222 %, 207 %, %, %, 5.91 %, 8.64 %, 6.03 %, 8.20 %, 8.64 %, 6.03 %, 77.93 %, 117 %, 117 %, %, %, 43.05,, 6.53 %, %, %
ELECTHERM,52 weeks High / Low 380.15 / 128.00, 0.65, -204.78 Cr., %, %, %," -1,069.14", 55.03 Cr., 30.68 Cr., 23.50 Cr., 0.12 %, 54.70 Cr., 320.30," 3,066 Cr.",, 0.00 Cr., 0.00 %," 3,419 Cr.", 425.79, 2.32, 2.32, 21.74, 10.00, 1.58,, 408.15 Cr.," -1,936.94"," -1,362.38 Cr.", 1.27, -3.61 %, 8.00, 5.96, 22.41, 0.14, 104 %, %, %, -14.08 %, 0.17 %, 0.47 %, %, 9.10 %, 0.47 %, %, 29.61 %, 12.65 %, 12.65 %, 18.74 %, 2.98 %, 139.78," 57,194", 20.69 %, %, %
AAVAS,52 weeks High / Low 1514.70 / 611.50, 1.74, Cr., %, %, %, 235.18, Cr., Cr., 268.60 Cr., 0.04 %, 564.96 Cr.," 1,420"," 3,117 Cr.", 1.70, 0.00 Cr., 0.00 %," 13,641 Cr.", 26.52,,, 26.03, 10.00, 2.00,," 11,089 Cr.", -163.80," 1,837 Cr.", 7.81, %, 4.00, -12.00, -11.82, 15.63, 88.95 %, %, %, %, 3.06 %, 10.93 %, 11.17 %, 53.62 %, 10.93 %, 11.17 %, 43.75 %, %, %, %, %, 63.04," 89,197", 259 %, 172 %, 38.90 %
ADANIPOWER,52 weeks High / Low 58.35 / 15.15, 0.70," -1,027.23 Cr.", -26.57 %, -20.28 %, -21.44 %, 20.00, 856.25 Cr.," 1,718 Cr.", 81.01 Cr., 0.04 %, 856.61 Cr., 50.35," 43,484 Cr.", 5.64, 0.00 Cr., 0.00 %," 62,047 Cr.", 13.26, -3.22, 0.00, 8.35, 10.00, 0.83,," 19,420 Cr.", -125.61," 7,712 Cr.", 385.69, 29.45 %, 5.00, 3.81, 3.80, 0.81, -53.19 %, 18.18 %, -1.98 %, %, -3.49 %, 6.37 %, -109 %, 10.15 %, 6.37 %, -109 %, 17.10 %, 3.33 %, 3.33 %, 25.23 %, 38.60 %,," 14,356,707", -20.64 %, 197 %, 68.84 %
KILITCH,52 weeks High / Low 242.80 / 77.55, 13.62, 0.05 Cr., 0.98 %, 0.04 %, 1.19 %, 83.56, 4.98 Cr., 2.94 Cr., 2.16 Cr., 0.01 %, 3.87 Cr., 173.20, 0.82 Cr., 0.01, 0.69 Cr., 0.26 %, 263.98 Cr., 13.26, 10.06, 4.51, 12.50, 10.00, 52.39, 379.92, 267.03 Cr., 12.29, 128.83 Cr., 1.54, -2.05 %, 6.00, -246.97, -136.78, 2.77, 139 %, %, 7.66 %, -9.30 %, 4.20 %, 5.22 %, 4.26 %, 22.07 %, 5.22 %, 4.26 %, 91.08 %, 38.58 %, 38.58 %, 8.72 %, -14.09 %, 18.08," 59,099", 20.48 %, 16.23 %, 42.68 %
KRISHANA,52 weeks High / Low None / None, 29.74, -0.01 Cr., -0.34 %, -0.30 %, %, 14.42, 0.01 Cr., 0.02 Cr., 0.02 Cr., 0.01 %, 0.03 Cr., 7.42, 0.00 Cr., 0.00, 0.00 Cr., 0.00 %, 2.24 Cr., -9.74, -0.71, 0.00, -10.18, 10.00,,, 2.27 Cr., 14.19, 4.40 Cr., 0.31, 0.38 %, 4.00, 115.01, 230.02, 3.91, -540 %, %, %, %, -3.57 %, -3.79 %, -3.57 %, -3.64 %, -3.79 %, -3.57 %, -91.30 %, 506 %, 506 %, 157 %, %,,, 759 %, -100.00 %, -61.11 %
MERCK,52 weeks High / Low 5050.00 / 2100.00, 24.72, 63.38 Cr., 11.46 %, 10.77 %, 12.19 %, 441.72, 163.95 Cr., 192.98 Cr., 26.27 Cr., 0.04 %, 278.18 Cr.," 4,091", 0.00 Cr., 0.00, 24.90 Cr., 0.37 %," 6,513 Cr.", 7.07, 516.09, 56.57, 6.93, 10.00,," 46,441"," 6,791 Cr.", 806.19," 1,540 Cr.", 1.66, 10.08 %, 6.00, 126.56, 157.02, 7.70, 742 %, 24.81 %, 1.41 %, 4.20 %, 11.53 %, 19.38 %, 12.04 %, 22.82 %, 19.38 %, 12.04 %, 17.92 %, 8.37 %, 8.37 %, 9.94 %, 11.69 %, 7.93," 40,014", 152 %, 110 %, 16.58 %
ASTRAZEN,52 weeks High / Low 2398.55 / 1106.00, 13.31, 1.82 Cr., 8.12 %, 1.04 %, -5.48 %, 120.32, 25.08 Cr., 18.47 Cr., 114.55 Cr., 0.02 %, 125.92 Cr.," 1,969", 0.00 Cr., 0.00, 0.00 Cr., 0.00 %," 4,797 Cr.", 66.01, 21.78, 10.36, 54.77, 2.00,,," 4,923 Cr.", 58.29, 300.81 Cr., 2.50, 2.82 %, 8.00, 560.07," 1,938", 6.76, 109 %, %, %, -12.15 %, 10.82 %, 18.64 %, 11.03 %, 20.85 %, 18.64 %, 11.03 %, 27.54 %, 3.36 %, 3.36 %, 7.90 %, -0.57 %, 90.45," 18,291", 20.01 %, 205 %, 26.25 %
UMESLTD,52 weeks High / Low 2.06 / 0.80, 1.34, -1.18 Cr., -8.53 %, -6.53 %, -3.67 %, 5.27, 0.11 Cr., 0.30 Cr., 0.02 Cr., 0.03 %, 0.14 Cr., 2.06, 2.56 Cr., 0.18, 0.00 Cr., 0.00 %, 7.86 Cr., 28.07, -0.03, 0.00, 23.82, 1.00, 1.40,, 5.44 Cr., -1.65, 13.91 Cr., 2.64, -33.31 %, 6.00, 16.48, 14.31, 7.25, -47.06 %, -49.21 %, %, %, -1.05 %, 1.07 %, -1.35 %, 1.32 %, 1.07 %, -1.35 %, -7.41 %, -37.94 %, -37.94 %, -44.46 %, -33.77 %,, 934, -240 %, -121 %, -66.67 %
AVADHSUGAR,52 weeks High / Low 730.00 / 265.00, 1.01, Cr., %, %, %, 508.05, Cr., Cr., 29.99 Cr., 0.03 %, 5.31 Cr., 682.35," 1,432 Cr.", 2.82, 0.00 Cr., 0.00 %," 2,110 Cr.", 8.40, 119.76, 88.08, 7.15, 10.00, 2.59,, 682.98 Cr.," -1,419.69", 508.52 Cr., 1.00, %, 5.00, 4.11, 5.82, 0.32, 35.97 %, %, %, %, 5.18 %, 13.41 %, 25.19 %, 15.69 %, 13.41 %, 25.19 %, -8.80 %, %, %, %, %, 5.70," 157,930", 0.58 %, 317 %, 19.93 %
ESABINDIA,52 weeks High / Low 730.00 / 265.00, 1.01, Cr., %, %, %, 508.05, Cr., Cr., 29.99 Cr., 0.03 %, 5.31 Cr., 682.35," 1,432 Cr.", 2.82, 0.00 Cr., 0.00 %," 2,110 Cr.", 8.40, 119.76, 88.08, 7.15, 10.00, 2.59,, 682.98 Cr.," -1,419.69", 508.52 Cr., 1.00, %, 5.00, 4.11, 5.82, 0.32, 35.97 %, %, %, %, 5.18 %, 13.41 %, 25.19 %, 15.69 %, 13.41 %, 25.19 %, -8.80 %, %, %, %, %, 5.70," 157,930", 0.58 %, 317 %, 19.93 %
BAJFINANCE,52 weeks High / Low 3534.80 / 1912.00, 1.57," 1,476 Cr.", 20.89 %, 20.70 %, 20.93 %, 337.37, 228.62 Cr., 416.37 Cr., 324.62 Cr., 0.00 %, 228.73 Cr.," 3,467"," 29,971 Cr.", 1.53, 230.06 Cr., 0.11 %," 230,797 Cr.", 19.26, 67.51, 46.02, 19.05, 2.00, 2.02," 1,597"," 201,055 Cr.", -198.62," 20,558 Cr.", 57.99, 66.94 %, 5.00, -11.76, -11.62, 11.57, 56.58 %, 43.38 %, 34.95 %, 40.33 %, 3.78 %, 12.74 %, 20.27 %, 27.33 %, 12.74 %, 20.27 %, 37.56 %, 35.08 %, 35.08 %, 33.86 %, 38.02 %, 51.68," 722,053", 106 %, 49.92 %, 42.83 %
DALMIASUG,52 weeks High / Low 136.00 / 46.00, 1.63, 72.11 Cr., 13.54 %, 9.92 %, 8.42 %, 191.45, 34.73 Cr., 26.84 Cr., 58.04 Cr., 0.06 %, 59.43 Cr., 116.55, 977.75 Cr., 0.63, 0.00 Cr., 0.00 %," 1,862 Cr.", 6.83, 23.16, 16.57, 5.75, 2.00, 3.97, 40.17, 943.47 Cr., -50.48," 1,550 Cr.", 8.09, 14.26 %, 6.00, 1.43, 1.60, 0.47, 39.76 %, %, 46.40 %, 93.68 %, 5.61 %, 9.20 %, 9.85 %, 13.35 %, 9.20 %, 9.85 %, -9.98 %, 24.88 %, 24.88 %, 17.56 %, 18.89 %, 5.03," 119,166", 28.21 %, 468 %, 18.25 %
SAKETH,52 weeks High / Low 120.00 / 69.00, 3.65, Cr., 22.09 %, %, %, 15.11, 0.08 Cr., Cr., 0.52 Cr., 0.01 %, 1.20 Cr., 120.00, 19.93 Cr., 2.63, 0.00 Cr., 0.00 %, 79.01 Cr., 19.46,,, 17.03, 10.00, 1.98,, 60.28 Cr., 5.82, 7.59 Cr., 0.50, %, 4.00, -11.26, -9.02, 0.97, 44.90 %, 52.55 %, %, %, 6.41 %, 18.31 %, 22.72 %, 16.49 %, 18.31 %, 22.72 %, 21.90 %, 18.44 %, 18.44 %, %, %, 42.45," 30,000", 36.67 %, %, %
WIPL,52 weeks High / Low 110.25 / 55.00, 3.11, 1.02 Cr., 0.63 %, 2.76 %, 4.52 %, 44.73, 4.67 Cr., 9.13 Cr., 3.57 Cr., 0.07 %, 5.63 Cr., 92.00, 30.64 Cr., 0.81, 0.00 Cr., 0.00 %, 103.09 Cr., 38.32, 1.04, 1.04, 20.02, 10.00, 0.74,, 78.08 Cr., 15.38, 37.96 Cr., 0.85, 7.53 %, 6.00, 21.84, 30.19, 0.85, 96.20 %, %, %, %, -0.09 %, 3.94 %, -0.16 %, 3.08 %, 3.94 %, -0.16 %, 7.85 %, -1.35 %, -1.35 %, 0.71 %, 0.85 %,, 5, 47.36 %, %, %
TOUCHWOOD,52 weeks High / Low 90.00 / 33.70, 5.68, Cr., 27.30 %, %, %, 21.63, 1.08 Cr., Cr., 0.25 Cr., 0.06 %, 4.22 Cr., 90.00, 0.78 Cr., 0.09, 0.00 Cr., 0.00 %, 33.21 Cr., 12.53, 3.71, 3.71, 10.71, 10.00, 22.08,, 36.65 Cr., 6.63, 8.81 Cr., 0.41, %, 6.00, 44.46, -69.62, 2.02, 74.76 %, 211 %, %, %, 26.18 %, 40.49 %, 31.01 %, 42.94 %, 40.49 %, 31.01 %, 39.09 %, 43.41 %, 43.41 %, %, %, 20.36," 6,000", 19.33 %, %, %
ANTGRAPHIC,52 weeks High / Low 0.85 / 0.40, 4.11, 0.09 Cr., 0.93 %, 0.53 %, 0.64 %, 1.08, 0.37 Cr., 0.21 Cr., 0.27 Cr., 0.02 %, 0.22 Cr., 0.85, 2.36 Cr., 0.14, 0.00 Cr., 0.00 %, 15.32 Cr., -510.67, 0.02, 0.01, 191.50, 1.00,,, 13.18 Cr., 0.39, 16.83 Cr., 15.51, 12.38 %, 4.00, -22.73, -19.68, 6.43, -50.00 %, %, 3.13 %, 19.60 %, 1.12 %, 1.12 %, 1.26 %, 1.85 %, 1.12 %, 1.26 %, 10.81 %, -2.65 %, -2.65 %, -8.84 %, -6.06 %,," 67,352", 413 %, -300 %, -54.39 %
NAUKRI,52 weeks High / Low 2286.85 / 1125.00, 28.63, 90.96 Cr., 6.90 %, 6.94 %, 8.58 %, 167.47, 358.23 Cr., 321.42 Cr., 55.61 Cr., 0.01 %, 159.92 Cr.," 2,053", 0.76 Cr., 0.00, 66.87 Cr., 0.27 %," 24,915 Cr.", 91.02, 42.11, 42.11, 82.13, 10.00, 53.26," 3,247"," 25,074 Cr.", 11.08," 2,045 Cr.", 12.21, 8.71 %, 6.00, 98.92, 104.64, 25.37, 467 %, 94.42 %, 20.63 %, 22.73 %, 13.90 %, 15.04 %, 13.87 %, 62.50 %, 15.04 %, 13.87 %, 11.33 %, 10.50 %, 10.50 %, 15.91 %, 17.36 %, 99.41," 215,776", 13.76 %, %, %
TRIVENI,52 weeks High / Low 74.50 / 34.05, 1.35, 20.78 Cr., 19.61 %, 2.66 %, 2.72 %, 44.22, 6.58 Cr., 10.49 Cr., 6.57 Cr., 0.00 %, 6.41 Cr., 71.85," 1,609 Cr.", 1.41, 6.45 Cr., 0.35 %," 3,456 Cr.", 10.29, 8.38, 4.62, 8.80, 1.00, 4.94, 33.57," 1,853 Cr.", -47.28," 1,141 Cr.", 25.79, 7.32 %, 6.00, 2.98, 3.26, 0.59, 81.53 %, %, 34.23 %, 11.02 %, 4.95 %, 10.73 %, 13.40 %, 13.61 %, 10.73 %, 13.40 %, -6.50 %, 17.82 %, 17.82 %, 12.63 %, 5.88 %, 8.57," 392,198", 12.36 %, 178 %, 16.26 %
MAGADSUGAR,52 weeks High / Low 172.90 / 63.10, 0.77, Cr., 12.73 %, %, %, 453.48, 0.05 Cr., Cr., 1.45 Cr., 0.01 %, 0.77 Cr., 156.80, 496.94 Cr., 1.09, 1.01 Cr., 0.64 %, 654.00 Cr., 7.33, 33.99, 24.75, 6.10, 10.00, 2.52,, 157.83 Cr., -593.10, 456.46 Cr., 1.01, %, 4.00, 7.57, -39.30, 0.21, 37.26 %, %, %, %, 2.22 %, 5.24 %, 4.91 %, 6.66 %, 5.24 %, 4.91 %, 3.05 %, %, %, %, %, 4.61," 28,413", -13.81 %, 103 %, 15.78 %
SONISOYA,52 weeks High / Low 25.10 / 15.95, 2.33, Cr., %, %, %, 12.01, Cr., Cr., 0.19 Cr., 0.03 %, 0.37 Cr., 20.90, 0.86 Cr., 0.14, 0.00 Cr., 0.00 %, 11.26 Cr., 3.86,,, 3.67, 10.00, 2.98,, 10.77 Cr., 4.62, 6.19 Cr., 0.52, %, 5.00, 13.09, -13.76, 0.15, 171 %, %, %, %, 25.82 %, 54.68 %, 29.93 %, 11.34 %, 54.68 %, 29.93 %, 153 %, %, %, %, %, 7.80," 9,000", 4.61 %, %, %
MAHSCOOTER,52 weeks High / Low 4350.00 / 2010.00, 301.45, 52.88 Cr., 1.53 %, 2.28 %, 2.99 %," 9,907", 12.45 Cr., 31.67 Cr., 0.21 Cr., 0.00 %, 13.32 Cr.," 4,297", 0.00 Cr., 0.00, 37.72 Cr., 0.77 %," 4,898 Cr.", 65.83, 63.70, 53.16, 64.49, 10.00,," 13,071"," 4,911 Cr.", 50.20," 11,323 Cr.", 1.14, -72.95 %, 6.00," 7,311", -999.65, 338.70, 19.82 %, 5.97 %, 5.26 %, 15.61 %, 0.79 %, 0.80 %, 0.79 %, -30.17 %, 0.80 %, 0.79 %, 17.60 %, 21.06 %, 21.06 %, 12.97 %, 10.35 %, 67.46," 7,947", 395 %, -50.00 %, 6.25 %
BATAINDIA,52 weeks High / Low 1479.95 / 739.20, 18.93, 197.12 Cr., 15.01 %, 17.92 %, 19.74 %, 135.89, 209.97 Cr., 187.10 Cr., 62.99 Cr., 0.03 %, 588.49 Cr.," 1,325", 0.00 Cr., 0.00, 51.41 Cr., 0.30 %," 16,440 Cr.", 34.12, 25.65, 17.40, 30.12, 5.00, 135.72," 3,904"," 17,029 Cr.", 94.00," 1,747 Cr.", 12.85, 13.11 %, 7.00, 109.35, 212.04, 5.81, 47.45 %, 2.12 %, 5.43 %, 12.89 %, 14.91 %, 25.43 %, 16.02 %, 26.39 %, 25.43 %, 16.02 %, 11.38 %, -0.81 %, -0.81 %, 7.37 %, 11.12 %, 51.66," 595,432", 41.25 %, 69.49 %, 7.45 %
SIRCA,52 weeks High / Low 282.30 / 138.10, 14.39, Cr., 42.52 %, %, %, 37.02, 12.73 Cr., Cr., 13.33 Cr., 0.03 %, 14.65 Cr., 279.80, 5.00 Cr., 0.07, 0.00 Cr., 0.00 %, 501.53 Cr., 16.88,,, 16.54, 10.00, 165.11,, 511.18 Cr., 24.85, 67.63 Cr., 1.83, %, 4.00, -390.87, -36.08, 5.73, 41.53 %, 46.16 %, %, %, 35.02 %, 53.74 %, 38.11 %, 36.85 %, 53.74 %, 38.11 %, 8.13 %, 10.99 %, 10.99 %, %, %, 26.36," 12,960", 56.57 %, %, %
JUSTDIAL,52 weeks High / Low 785.00 / 408.00, 7.30, 108.59 Cr., 13.82 %, 15.53 %, 16.90 %, 154.21, 42.06 Cr., 23.93 Cr., 52.45 Cr., 0.01 %, 57.50 Cr., 765.60, 4.20 Cr., 0.00, 0.00 Cr., 0.00 %," 4,905 Cr.", 17.02, 31.02, 21.25, 15.24, 10.00," 2,217", 660.93," 4,958 Cr.", -58.10, 998.63 Cr., 6.48, 22.56 %, 8.00, 21.94, 24.19, 5.56, 44.43 %, 7.76 %, 18.00 %, 25.85 %, 14.97 %, 21.48 %, 15.87 %, -97.35 %, 21.48 %, 15.87 %, 14.04 %, 9.85 %, 9.85 %, 16.60 %, 22.96 %, 23.97," 3,862,596", -41.76 %, 60.55 %, 15.86 %
ICICIGI,52 weeks High / Low 1283.40 / 638.80, 1.19, 607.83 Cr., 18.08 %, 19.74 %, 15.38 %, 117.08, 141.69 Cr., 269.62 Cr., 194.04 Cr., 0.01 %, 591.82 Cr.," 1,177", 485.00 Cr., 0.09, 181.58 Cr., 0.34 %," 53,355 Cr.", 33.38, 23.11, 18.68, 33.38, 10.00,, 802.35," 53,461 Cr.", -381.57," 5,320 Cr.", 45.44, -4.69 %, 7.00, 22.37, 23.09, 5.48, 21.75 %, 10.37 %, 23.48 %, %, 14.82 %, 32.59 %, 19.09 %, -0.44 %, 32.59 %, 19.09 %, 20.03 %, 17.75 %, 17.75 %, 11.49 %, 13.46 %, 50.95," 2,059,299", -173 %, 7.49 %, 20.96 %
SPLIL,52 weeks High / Low 74.00 / 18.80, 5.64, 3.96 Cr., 8.23 %, 6.64 %, -11.41 %, 33.66, 1.23 Cr., 0.90 Cr., 1.26 Cr., 0.03 %, 3.00 Cr., 41.05, 2.46 Cr., 0.03, 0.00 Cr., 0.00 %, 118.51 Cr., 4.22, 9.37, 1.86, 3.71, 10.00, 29.59,, 119.05 Cr., 12.99, 97.62 Cr., 2.90, 5.55 %, 8.00, 7.48, 10.55, 0.76, 406 %, 109 %, %, %, 6.78 %, 9.08 %, 7.70 %, 10.51 %, 9.08 %, 7.70 %, -8.55 %, 42.59 %, 42.59 %, 34.24 %, 1.39 %, 4.38," 19,463", 25.59 %, -14.31 %, 22.93 %
OPAL,52 weeks High / Low None / None,, Cr., %, %, %,, Cr., Cr., 0.01 Cr., %, 0.09 Cr.,, 29.48 Cr., 4.21, 0.00 Cr., %, Cr.,,,,,, 2.10,, Cr.,, 7.00 Cr.,, %, 7.00,,,, %, %, %, %, %, %, %, 14.39 %, %, %, %, %, %, %, %,, 0, 132 %, %, %
CANTABIL,52 weeks High / Low 351.85 / 106.00, 3.28, 4.43 Cr., 11.00 %, 5.58 %, -6.00 %, 69.99, 1.85 Cr., 3.72 Cr., 0.98 Cr., 0.01 %, 2.59 Cr., 205.55, 38.85 Cr., 0.34, 0.00 Cr., 0.00 %, 371.92 Cr., 15.51, 7.65, 12.24, 11.32, 10.00, 3.09,, 335.66 Cr., -2.45, 114.30 Cr., 1.63, 8.96 %, 7.00, 48.00, 33.47, 1.16, -37.47 %, 74.55 %, %, 5.87 %, 12.81 %, 8.96 %, 19.38 %, 13.63 %, 8.96 %, 19.38 %, 46.78 %, 14.98 %, 14.98 %, 14.02 %, 2.08 %, 26.83," 10,981", 12.07 %, -65.11 %, 62.11 %
OISL,52 weeks High / Low 6.00 / 1.74, -0.58, -131.21 Cr., %, %, %, -30.04, 123.71 Cr., 89.67 Cr., 15.33 Cr., 0.13 %, 3.10 Cr., 5.40, 217.12 Cr.,, 0.00 Cr., 0.00 %, 286.43 Cr., -1.98, -22.37, 0.00, -5.11, 1.00, -0.67,, 72.41 Cr., -142.43, -299.40 Cr., 13.41, 0.01 %, 5.00, 5.32, 4.53, 0.15, 92.53 %, 77.94 %, %, %, -12.83 %, -19.18 %, %, -5.90 %, -19.18 %, %, 44.85 %, -21.80 %, -21.80 %, 8.26 %, 10.79 %,," 74,547", -360 %, 35.57 %, 33.74 %
TIINDIA,52 weeks High / Low 434.00 / 211.00, 3.91, Cr., %, %, %, 78.60, Cr., Cr., 14.36 Cr., 0.00 %, 32.46 Cr., 389.40, 507.88 Cr., 0.34, 32.81 Cr., 0.45 %," 7,785 Cr.", 18.17, 12.85, 7.86, 13.19, 1.00, 7.96,," 7,309 Cr.", -20.91," 1,475 Cr.", 18.77, %, 5.00, 18.43, 18.07, 1.26, 63.11 %, %, %, %, 6.87 %, 13.44 %, 11.97 %, 21.88 %, 13.44 %, 11.97 %, 15.36 %, %, %, %, %, 30.65," 41,740", 2.00 %, 37.18 %, 10.04 %
AXISBANK,52 weeks High / Low 822.10 / 498.75, 0.62," 5,297 Cr.", 7.73 %, 10.95 %, 12.36 %, 249.54," 36,492 Cr."," 20,500 Cr."," 50,966 Cr.", 0.23 %," 43,911 Cr.", 808.30," 611,425 Cr.", 9.52, 0.00 Cr., 0.00 %," 775,488 Cr.", 27.51, 1.78, 1.78, 26.95, 2.00, 1.02, -358.86," 207,974 Cr."," -2,109.03"," 64,207 Cr.", 257.30, 55.25 %, 1.00, -5.42, -5.30, 4.46, -89.51 %, -61.81 %, -39.78 %, -25.78 %, 0.07 %, 4.48 %, 0.69 %, 23.34 %, 4.48 %, 0.69 %, 3.19 %, 9.27 %, 9.27 %, 11.37 %, 17.41 %, 501.25," 4,758,663", 148 %, %, %
TANLA,52 weeks High / Low 53.25 / 26.35, 2.64, 12.34 Cr., 3.54 %, 1.94 %, -5.28 %, 62.80, 29.90 Cr., 24.43 Cr., 133.30 Cr., 0.24 %, 165.44 Cr., 53.10, 59.89 Cr., 0.08, 3.37 Cr., 0.54 %, 514.24 Cr., 15.22, 2.62, 1.70, 4.81, 1.00, 105.59,, 619.79 Cr., 23.03, 733.00 Cr., 11.67, 14.15 %, 5.00, 19.18, 27.13, 0.62, 69.43 %, 92.48 %, %, %, 2.84 %, 1.94 %, 2.85 %, 9.69 %, 1.94 %, 2.85 %, 26.82 %, 48.34 %, 48.34 %, 46.48 %, 15.06 %, 20.78," 422,286", 32.74 %, 286 %, 52.91 %
SUVEN,52 weeks High / Low 337.80 / 182.70, 15.65, 118.30 Cr., 16.38 %, 21.99 %, 21.53 %, 78.06, 279.69 Cr., 21.83 Cr., 4.14 Cr., 0.00 %, 13.94 Cr., 272.30, 37.07 Cr., 0.04, 19.09 Cr., 0.55 %," 3,489 Cr.", 15.46, 11.78, 12.45, 14.08, 1.00, 60.01, 121.01," 3,466 Cr.", 36.40, 993.61 Cr., 12.73, 33.60 %, 8.00, 33.09, 55.02, 5.22, -5.28 %, 9.68 %, 35.98 %, 45.59 %, 16.81 %, 25.09 %, 17.94 %, 49.09 %, 25.09 %, 17.94 %, 6.12 %, 6.28 %, 6.28 %, 19.39 %, 22.58 %, 23.10," 138,999", 75.43 %, 8.75 %, 18.52 %
SAGARDEEP,52 weeks High / Low 111.00 / 25.10, 4.72, 0.52 Cr., 1.95 %, 2.73 %, %, 21.46, 0.13 Cr., 0.33 Cr., 0.70 Cr., 0.01 %, 0.17 Cr., 43.10, 9.80 Cr., 0.40, 0.00 Cr., 0.00 %, 58.64 Cr., 35.54, 0.48, 0.48, 28.60, 10.00, 1.88, -228.88, 49.01 Cr., 11.16, 24.40 Cr., 1.14, 2.56 %, 5.00, 17.36, 18.61, 0.79, 104 %, -9.01 %, -2.99 %, %, 1.63 %, 4.90 %, 2.28 %, 6.60 %, 4.90 %, 2.28 %, -13.97 %, -22.19 %, -22.19 %, -20.82 %, %, 89.11," 21,983", 36.09 %, %, %
BSHSL,52 weeks High / Low 150.00 / 93.60, 5.65, Cr., %, %, %, 12.52, Cr., Cr., 0.04 Cr., 0.01 %, 1.86 Cr., 130.00, 15.94 Cr., 1.94, 0.00 Cr., 0.00 %, 99.34 Cr., 33.56,,, 27.22, 10.00, 2.57,, 85.26 Cr., 2.00, 8.21 Cr., 0.66, %, 4.00, -55.71, -24.80, 1.01, 38.82 %, %, %, %, 5.84 %, 14.66 %, 18.52 %, 17.01 %, 14.66 %, 18.52 %, -23.01 %, %, %, %, %, 72.25," 1,200", 20.45 %, %, %
JSWHL,52 weeks High / Low 3138.95 / 1680.00," 18,087", 44.35 Cr., 6.13 %, 5.64 %, 5.13 %," 7,369", 0.59 Cr., 1.33 Cr., 0.05 Cr., 0.00 %, 7.98 Cr.," 2,987", 0.00 Cr., 0.00, 0.00 Cr., 0.00 %," 3,307 Cr.", 32.45, 79.33, 61.35, 32.44, 10.00,," 1,863"," 3,315 Cr."," 8,014"," 8,180 Cr.", 1.11, 93.91 %, 7.00, 50.11, 50.22, 30.90, 29.17 %, 22.87 %, 25.72 %, 18.54 %, 7.74 %, 9.57 %, 7.74 %, 60.30 %, 9.57 %, 7.74 %, 21.04 %, 21.67 %, 21.67 %, 24.77 %, 20.52 %, 37.75," 1,016"," 8,291 %", -1.32 %, -3.67 %
PARIN,52 weeks High / Low 12.00 / 1.53, 4.94, 0.44 Cr., 2.99 %, 3.83 %, %, 24.65, 0.17 Cr., 0.15 Cr., 0.55 Cr., 0.34 %, 0.02 Cr., 1.57, 0.00 Cr., 0.00, 0.00 Cr., 0.00 %, 0.82 Cr., -2.48, -0.85, 0.35, -2.48, 10.00,,, 0.84 Cr., 0.72, 13.03 Cr., 0.54, %, 3.00, -0.24, -0.24, 3.65, -160 %, -31.84 %, 25.93 %, 52.29 %, 1.45 %, 2.21 %, 1.45 %, -21.83 %, 2.21 %, 1.45 %, -78.50 %, %, %, %, %,, 595, 170 %, -263 %, -100.00 %
PRAJIND,52 weeks High / Low 168.00 / 72.25, 4.97, 54.88 Cr., 7.83 %, 8.53 %, 9.03 %, 40.76, 99.95 Cr., 75.30 Cr., 69.18 Cr., 0.03 %, 80.25 Cr., 145.20, 0.00 Cr., 0.00, 29.31 Cr., 1.10 %," 2,574 Cr.", 29.02, 3.75, 2.18, 23.05, 2.00, 116.71, -213.79," 2,654 Cr.", 20.53, 745.02 Cr., 18.28, 8.38 %, 5.00, 26.17, 31.09, 2.33, 72.75 %, -19.52 %, -10.92 %, -6.63 %, 4.64 %, 6.48 %, 4.78 %, 9.95 %, 6.48 %, 4.78 %, 24.50 %, -3.25 %, -3.25 %, -0.05 %, 4.69 %, 38.91," 1,024,029", 32.89 %, 24.43 %, 34.11 %
JIKIND,52 weeks High / Low 0.70 / 0.25, -0.72, -35.49 Cr., %, %, %, -2.98, 0.05 Cr., 0.03 Cr., 0.04 Cr., 0.01 %, 0.02 Cr., 0.70, 5.34 Cr.,, 0.00 Cr., 0.00 %, 10.40 Cr., -8.13, -0.12, 0.00, -10.10, 10.00,,, 5.08 Cr., -13.86, -21.66 Cr., 7.26," -4,414 %", 3.00, -3.43, -3.43, 22.09, -17.42 %, -78.56 %, -42.55 %, %, -23.55 %, %, %, 8.10 %, %, %, -32.35 %, -23.94 %, -23.94 %, -47.67 %, -51.18 %,," 11,381"," -41,426 %", 50.00 %, -57.14 %
ALOKTEXT,52 weeks High / Low 6.65 / 1.90, -1.23," -4,851.01 Cr.", %, %, %, -110.36, 634.75 Cr.," 1,295 Cr.", 72.17 Cr., 0.12 %, 43.66 Cr., 3.80," 25,504 Cr.",, 0.00 Cr., 0.00 %," 25,984 Cr.", -32.49, -37.83, 0.00, -100.34, 10.00, -0.18,, 523.38 Cr., -393.26," -17,789.66 Cr.", 137.73, -11.16 %, 1.00, -4.08, -9.24, 0.16, -71.08 %, %, %, %, -95.09 %, -71.17 %, %, -133 %, -71.17 %, %, -53.67 %, -37.77 %, -37.77 %, -9.74 %, 3.42 %,," 839,475", -896 %, 73.48 %, -29.05 %
RITES,52 weeks High / Low 19.30 / 8.26, 3.04, 1.02 Cr., 3.54 %, 3.94 %, 3.68 %, 24.14, 0.32 Cr., 1.24 Cr., 3.41 Cr., 0.09 %, 0.54 Cr., 18.01, 0.50 Cr., 0.02, 0.00 Cr., 0.00 %, 20.83 Cr., -8.83, -0.39, 1.23, -9.92, 10.00, -5.90,, 20.87 Cr., 73.28, 27.97 Cr., 1.16, 1.38 %, 4.00, -2.17, -2.15, 0.22, 300 %, %, %, %, -2.82 %, -2.40 %, -3.34 %, -4.22 %, -2.40 %, -3.34 %, 124 %, 81.25 %, 81.25 %, 44.60 %, 28.39 %,," 3,323", 88.56 %, -74.43 %, 125 %
MUTHOOTFIN,52 weeks High / Low 654.40 / 356.00, 1.09," 1,032 Cr.", 19.99 %, 18.95 %, 21.59 %, 244.41," 1,737 Cr."," 1,342 Cr."," 1,290 Cr.", 0.04 %, 486.79 Cr., 650.70," 18,417 Cr.", 1.88, 400.04 Cr., 1.53 %," 44,002 Cr.", 8.28, 49.27, 40.97, 8.22, 10.00, 2.38, 916.59," 26,071 Cr.", -215.01," 9,793 Cr.", 40.07, 75.45 %, 6.00, -497.49, -293.72, 3.79, 10.95 %, 36.90 %, 11.37 %, 19.51 %, 5.99 %, 16.65 %, 24.10 %, 16.40 %, 16.65 %, 24.10 %, 9.97 %, 12.62 %, 12.62 %, 2.78 %, 15.05 %, 13.22," 489,434", 143 %, 0.63 %, 14.10 %
ICICIBANK,52 weeks High / Low 439.20 / 256.50, 0.62," 10,251 Cr.", 9.47 %, 11.40 %, 11.95 %, 171.54," 47,637 Cr."," 49,371 Cr."," 80,491 Cr.", 0.31 %," 88,999 Cr.", 423.70," 815,198 Cr.", 7.37, 964.36 Cr., 0.35 %," 999,438 Cr.", 21.45, 6.60, 11.63, 21.45, 2.00, 1.19," -1,595.93"," 273,239 Cr."," -1,086.08"," 110,624 Cr.", 644.89, 9.18 %, 5.00, 14.10, 14.88, 3.80, -44.96 %, -14.29 %, -4.25 %, 3.47 %, 0.78 %, 5.23 %, 7.16 %, -8.57 %, 5.23 %, 7.16 %, 15.75 %, 4.19 %, 4.19 %, 6.73 %, 10.93 %, 64.23," 11,476,124", 159 %, 2.49 %, 20.74 %
ADANIGREEN,52 weeks High / Low 77.60 / 22.75, 0.54, Cr., %, %, %, 12.36, Cr., Cr., 85.35 Cr., 0.04 %, 421.61 Cr., 43.30," 10,690 Cr.", 5.53, 0.00 Cr., 0.00 %," 17,041 Cr.", 33.56, -3.56,, 10.86, 10.00, 0.46,," 6,772 Cr.", -72.35, 840.00 Cr., 156.40, %, 3.00, 22.51, -1.87, 3.29, 370 %, %, %, %, -0.76 %, 3.51 %, -4.66 %, 9.41 %, 3.51 %, -4.66 %, 71.41 %, %, %, %, %,," 725,960", -30.39 %, -119 %, 67.89 %
RVNL,52 weeks High / Low 29.90 / 19.20, 2.57, Cr., 12.58 %, %, %, 18.83," 1,293 Cr.", Cr.," 1,255 Cr.", 0.36 %," 1,403 Cr.", 27.00," 2,259 Cr.", 0.58, 167.01 Cr., 2.97 %," 6,486 Cr.", 10.65,,, 10.57, 10.00, 13.63,," 5,630 Cr.", 3.16," 3,925 Cr.", 208.50, %, 5.00, -18.03, -13.96, 0.74, 22.13 %, 13.15 %, %, %, 7.74 %, 10.00 %, 13.04 %, 12.28 %, 10.00 %, 13.04 %, 28.44 %, 34.16 %, 34.16 %, %, %, 11.54," 14,796,126", 38.40 %, %, %
GMMPFAUDLR,52 weeks High / Low 1425.00 / 753.00, 9.13, 25.42 Cr., 16.32 %, 15.43 %, 13.75 %, 155.81, 47.02 Cr., 29.09 Cr., 31.10 Cr., 0.03 %, 66.79 Cr.," 1,264", 0.00 Cr., 0.00, 5.84 Cr., 0.32 %," 1,781 Cr.", 29.15, 29.20, 29.20, 25.12, 2.00, 59.34, 524.85," 1,848 Cr.", 75.56, 227.75 Cr., 1.46, 13.05 %, 7.00, 27.25, 41.61, 4.56, 53.84 %, 31.19 %, 38.90 %, 20.90 %, 19.12 %, 29.00 %, 20.06 %, 34.27 %, 29.00 %, 20.06 %, 14.92 %, 9.66 %, 9.66 %, 13.77 %, 11.04 %, 43.70," 9,694", 27.19 %, %, %
BAJAJFINSV,52 weeks High / Low 8335.00 / 4955.00, 0.81," 2,020 Cr.", 15.24 %, 15.84 %, 17.44 %," 1,493"," 1,409 Cr."," 1,603 Cr."," 4,455 Cr.", 0.01 %," 1,688 Cr."," 8,188"," 37,574 Cr.", 1.58, 27.85 Cr., 0.02 %," 166,187 Cr.", 11.31, 202.20, 172.27, 11.14, 5.00, 2.25," 11,155"," 130,300 Cr.", -397.41," 23,766 Cr.", 15.91, 39.17 %, 5.00, -6.73, -6.73, 3.06, 21.46 %, 17.58 %, 11.74 %, 15.63 %, 2.54 %, 14.64 %, 15.01 %, 253 %, 14.64 %, 15.01 %, 29.64 %, 39.24 %, 39.24 %, 30.60 %, 43.73 %, 40.48," 104,186", 73.35 %, 31.66 %, 43.50 %
DALBHARAT,52 weeks High / Low 1220.00 / 860.00, 2.67, Cr., %, %, %, 545.54, Cr., Cr., 138.00 Cr., 0.01 %, 354.00 Cr.," 1,182"," 4,923 Cr.", 0.46, 0.00 Cr., 0.00 %," 27,614 Cr.", 28.56,,, 12.16, 2.00, 1.76,," 23,045 Cr.", -195.69," 10,639 Cr.", 19.50, %, 6.00, 15.53, 21.10, 2.37, %, %, %, %, 1.22 %, 5.50 %, 2.18 %, 15.21 %, 5.50 %, 2.18 %, %, %, %, %, %, 60.17," 123,410", 11.37 %, 330 %, 37.36 %
MRO-TEK,52 weeks High / Low 69.00 / 25.25, 0.37, -0.82 Cr., 54.10 %, -4.11 %, -14.73 %, 1.96, 4.78 Cr., 4.54 Cr., 0.13 Cr., 0.02 %, 1.68 Cr., 30.70, 29.47 Cr., 8.05, 0.00 Cr., 0.00 %, 85.14 Cr., -11.41, -5.27, 3.85, -13.04, 5.00, -3.01,, 57.35 Cr., -23.17, 3.65 Cr., 1.87, 8.07 %, 6.00, 5.72, 6.02, 2.13, -236 %, %, %, %, 23.56 %, 33.75 %, 64.90 %, 38.04 %, 33.75 %, 64.90 %, -25.61 %, -13.63 %, -13.63 %, -6.10 %, 4.95 %,," 2,925", -51.49 %, -126 %, -72.24 %
IRISDOREME,52 weeks High / Low 145.00 / 85.00, 3.56, Cr., %, %, %, 21.73, Cr., Cr., 0.15 Cr., 0.03 %, 1.86 Cr., 126.00, 22.14 Cr., 2.19, 0.00 Cr., 0.00 %, 79.01 Cr., 10.76,,, 8.57, 10.00, 2.96,, 58.73 Cr., -10.74, 10.13 Cr., 0.47, %, 5.00, 17.84, -29.61, 1.12, 407 %, %, %, %, 12.97 %, 27.69 %, 49.04 %, 28.12 %, 27.69 %, 49.04 %, 113 %, %, %, %, %, 17.02,, 32.51 %, %, %
DCMSHRIRAM,52 weeks High / Low 638.50 / 254.00, 3.31, 390.06 Cr., 21.30 %, 18.66 %, 17.04 %, 221.89, 95.38 Cr., 135.62 Cr., 199.14 Cr., 0.02 %, 148.59 Cr., 555.00," 1,475 Cr.", 0.42, 133.82 Cr., 1.52 %," 10,145 Cr.", 7.81, 57.09, 41.03, 6.97, 2.00, 10.92, 398.79," 8,819 Cr.", -8.21," 3,526 Cr.", 15.89, 10.63 %, 9.00, 10.67, 19.70, 1.13, 35.24 %, 47.56 %, 22.31 %, %, 16.87 %, 25.28 %, 23.64 %, 28.36 %, 25.28 %, 23.64 %, 12.62 %, 6.96 %, 6.96 %, 4.49 %, 7.53 %, 9.74," 154,394", 17.30 %, 477 %, 20.55 %
EMKAYTOOLS,52 weeks High / Low 241.00 / 120.00, 8.66, 12.46 Cr., 19.23 %, 18.43 %, 18.29 %, 97.39, 1.86 Cr., 1.39 Cr., 0.96 Cr., 0.01 %, 1.20 Cr., 137.20, 4.27 Cr., 0.04, 0.53 Cr., 0.36 %, 149.48 Cr., 5.76, 18.57, 18.57, 5.14, 10.00, 54.04, 67.87, 146.41 Cr., 14.82, 103.93 Cr., 1.07, 36.23 %, 6.00, 7.64, 8.25, 2.31, 68.47 %, 22.40 %, 32.22 %, 16.66 %, 20.11 %, 26.23 %, 21.11 %, 61.68 %, 26.23 %, 21.11 %, 20.32 %, 12.80 %, 12.80 %, 15.39 %, 12.32 %, 7.36, 600, 31.79 %, %, %
UTTAMSUGAR,52 weeks High / Low 164.00 / 61.50, 0.85, -0.62 Cr., 36.14 %, -0.53 %, -5.26 %, 61.41, 20.96 Cr., 58.35 Cr., 30.89 Cr., 0.06 %, 23.11 Cr., 132.00, 604.50 Cr., 2.58, 0.00 Cr., 0.00 %," 1,085 Cr.", 7.04, 15.28, 4.46, 6.00, 10.00, 1.92, 86.17, 503.45 Cr., -176.51, 234.20 Cr., 3.81, 9.36 %, 6.00, 9.92," 1,572", 0.41, 242 %, %, 24.57 %, %, 1.61 %, 11.07 %, 9.27 %, 12.02 %, 11.07 %, 9.27 %, -2.32 %, 17.95 %, 17.95 %, 14.03 %, 8.87 %, 8.66," 131,605", -5.60 %, 191 %, 29.22 %
ASTRAL,52 weeks High / Low 1334.90 / 814.60, 14.32, 114.70 Cr., 17.67 %, 18.39 %, 19.21 %, 106.64, 11.52 Cr., 11.52 Cr., 18.02 Cr., 0.00 %, 43.65 Cr.," 1,325", 193.46 Cr., 0.15, 7.19 Cr., 0.05 %," 16,027 Cr.", 50.55, 16.35, 14.62, 40.39, 1.00, 9.92, 883.71," 15,877 Cr.", 7.57," 1,278 Cr.", 11.98, 13.56 %, 7.00, 56.33, 55.30, 6.32, 12.39 %, 31.99 %, 23.83 %, 26.97 %, 15.05 %, 23.49 %, 18.66 %, 27.73 %, 23.49 %, 18.66 %, 21.14 %, 14.30 %, 14.30 %, 21.28 %, 26.70 %, 80.50," 107,070", 11.32 %, -4.36 %, 21.27 %
ABFRL,52 weeks High / Low 236.90 / 132.10, 2.77, -71.28 Cr., 2.41 %, -10.81 %, %, 18.47, 7.20 Cr., 25.25 Cr., 49.53 Cr., 0.00 %, 72.79 Cr., 210.95," 1,198 Cr.", 0.84, 0.00 Cr., 0.00 %," 17,442 Cr.", 51.83, 4.15, 1.53, 28.19, 10.00, 1.80,," 16,317 Cr.", -25.97," 1,429 Cr.", 77.35, 6.53 %, 6.00, 27.42, 60.88, 2.01, 173 %, %, %, 282 %, 3.69 %, 8.82 %, 11.66 %, 18.20 %, 8.82 %, 11.66 %, 13.19 %, 57.07 %, 57.07 %, 41.04 %, 147 %, 50.80," 306,214", -9.98 %, 79.14 %, 9.22 %
ATUL,52 weeks High / Low 450.00 / 266.95, 7.83, 39.22 Cr., 25.02 %, 27.97 %, 29.15 %, 117.85, 25.80 Cr., 38.07 Cr., 40.79 Cr., 0.04 %, 17.86 Cr., 313.95, 0.00 Cr., 0.00, 11.52 Cr., 1.67 %, 671.05 Cr., 8.10, 24.21, 20.49, 7.60, 5.00, 95.18, 432.74, 688.91 Cr., 45.47, 258.61 Cr., 2.19, 12.53 %, 7.00, 26.33, 35.59, 1.03, 15.00 %, 4.65 %, 11.61 %, 24.95 %, 22.14 %, 33.61 %, 22.22 %, 47.73 %, 33.61 %, 22.22 %, 19.93 %, 4.10 %, 4.10 %, 8.85 %, 15.56 %, 12.97," 9,942", 14.93 %, 0.77 %, 10.80 %
CREDITACC,52 weeks High / Low 567.90 / None, 1.34, Cr., 14.64 %, %, %, 164.70, 325.03 Cr., Cr., 332.11 Cr., 0.03 %, 138.15 Cr., 523.25," 4,115 Cr.", 1.74, 0.00 Cr., 0.00 %," 11,490 Cr.", 12.56,,, 12.46, 10.00, 2.19,," 7,514 Cr.", -126.70," 2,365 Cr.", 14.36, %, 5.00, -4.32, -4.30, 5.87, 52.31 %, 95.70 %, %, %, 2.93 %, 13.05 %, 11.77 %, 15.61 %, 13.05 %, 11.77 %, 47.27 %, 81.58 %, 81.58 %, %, %, 23.35," 30,824", 179 %, 6.41 %, 34.25 %
PFC,52 weeks High / Low 125.30 / 67.50, 0.42," 5,095 Cr.", 13.02 %, 15.57 %, 16.16 %, 163.96," 5,071 Cr."," 4,754 Cr."," 3,115 Cr.", 0.06 %, 553.20 Cr., 124.30," 80,345 Cr.", 1.86," 2,059 Cr.", 6.28 %," 112,608 Cr.", 3.79, 26.25, 22.18, 3.79, 10.00, 1.49, 342.06," 32,816 Cr.", -157.27," 43,288 Cr.", 264.01, 91.76 %, 5.00, -1.19, -1.19, 1.11, 58.89 %, -0.58 %, 5.82 %, 12.18 %, 2.23 %, 10.04 %, 15.34 %, 73.50 %, 10.04 %, 15.34 %, 12.96 %, 2.19 %, 2.19 %, 9.00 %, 14.76 %, 4.74," 6,356,459", 132 %, 166 %, 23.13 %
ARVINDFASN,52 weeks High / Low 1066.00 / 755.55, 2.05, Cr., %, %, %, 180.74, Cr., Cr., 6.36 Cr., 0.01 %, 28.43 Cr., 800.90, 790.80 Cr., 0.70, 0.00 Cr., 0.00 %," 5,458 Cr.", 47.46,,, 21.49, 4.00, 1.20,," 4,696 Cr.", -78.68," 1,129 Cr.", 5.86, %, 5.00, -62.24, -19.12, 1.24, -64.51 %, %, %, %, 0.33 %, 7.50 %, 0.63 %, 13.77 %, 7.50 %, 0.63 %, 194 %, %, %, %, %, 864.83," 28,564", 8.69 %, %, %
SBIN,52 weeks High / Low 364.00 / 247.40, 0.38," 7,795 Cr.", 1.30 %, 4.41 %, 6.60 %, 258.08," 188,481 Cr."," 145,228 Cr."," 273,197 Cr.", 0.74 %," 195,289 Cr.", 352.50," 3,091,258 Cr.", 13.42, 0.00 Cr., 0.00 %," 3,210,561 Cr.", 19.99, 2.58, 0.00, 19.99, 1.00, 1.03,," 314,593 Cr."," -3,307.64"," 230,322 Cr.", 892.46, 43.98 %, 2.00, -3.26, -3.50, 1.24, -150 %, %, %, %, -0.14 %, 4.15 %, -2.02 %, 33.05 %, 4.15 %, -2.02 %, 10.64 %, 3.26 %, 3.26 %, 6.39 %, 10.53 %, 148.40," 14,808,246", 55.00 %, 117 %, 13.01 %
IMPEXFERRO,52 weeks High / Low 0.84 / 0.25, -1.00, -70.73 Cr., %, %, %, -22.03, 9.38 Cr., 32.32 Cr., 1.26 Cr., 0.62 %, 0.90 Cr., 0.50, 231.56 Cr.,, 0.00 Cr., 0.00 %, 235.06 Cr., -15.13, -1.90, 0.00, -27.75, 10.00, -12.95,, 4.40 Cr., -56.09, -193.83 Cr., 8.80, -13.31 %, 5.00, 0.36, 0.50, 0.04, -75.48 %, 3.61 %, %, %, -38.38 %, -35.30 %, %, -39.88 %, -35.30 %, %, -22.76 %, -36.54 %, -36.54 %, -27.42 %, -19.75 %,," 7,647", -263 %, 81.62 %, -7.48 %
TIJARIA,52 weeks High / Low 26.70 / 7.58, 1.73, -11.37 Cr., -25.79 %, -15.97 %, -11.83 %, 7.99, 0.60 Cr., 1.28 Cr., 0.45 Cr., 0.03 %, 1.96 Cr., 14.60, 54.11 Cr., 2.53, 0.00 Cr., 0.00 %, 91.16 Cr., 6.44, 2.39, 0.00, 4.45, 10.00, 1.78, 5.44, 39.01 Cr., -13.97, 21.35 Cr., 2.67, 7.49 %, 3.00, -8.88, -7.61, 0.26, -125 %, 21.04 %, 44.11 %, %, -17.18 %, -10.73 %, -42.51 %, -2.71 %, -10.73 %, -42.51 %, 95.95 %, -16.35 %, -16.35 %, -7.22 %, -7.58 %, 6.27," 18,012", 11.24 %, 129 %, 2.42 %
NITIRAJ,52 weeks High / Low 74.35 / 35.00, 12.93, 4.22 Cr., 9.75 %, 11.63 %, %, 74.15, 0.58 Cr., 0.38 Cr., 7.55 Cr., 0.08 %, 1.41 Cr., 70.50, 0.00 Cr., 0.00, 0.00 Cr., 0.00 %, 56.41 Cr., 13.12, 3.75, 3.75, 9.32, 10.00, 86.00, 54.80, 57.82 Cr., 20.43, 60.81 Cr., 0.82, 13.22 %, 4.00, -20.50, -11.34, 1.49, -33.04 %, -9.68 %, 20.55 %, %, 5.20 %, 7.26 %, 5.20 %, 12.92 %, 7.26 %, 5.20 %, -34.06 %, -3.75 %, -3.75 %, 6.30 %, %, 18.77," 12,480", 43.17 %, %, %
GSS,52 weeks High / Low 141.90 / 64.35, 4.82, -0.72 Cr., -0.17 %, -0.36 %, -3.13 %, 74.94, 8.53 Cr., 10.22 Cr., 0.92 Cr., 0.01 %, 3.66 Cr., 124.15, 0.00 Cr., 0.00, 0.00 Cr., 0.00 %, 206.61 Cr., 15.57, 6.86, 4.32, 15.34, 10.00, 13.54, 62.96, 210.27 Cr., 10.04, 126.92 Cr., 1.69, 2.80 %, 7.00, 51.17, 131.96, 1.33, 58.88 %, %, 31.52 %, -24.92 %, 5.92 %, 5.91 %, 6.86 %, 5.94 %, 5.91 %, 6.86 %, 11.35 %, -16.47 %, -16.47 %, -13.62 %, -16.12 %, 18.08," 186,467", 10.75 %, -74.15 %, 6.09 %
PFIZER,52 weeks High / Low 3847.70 / 2475.65, 11.96, 246.48 Cr., 13.21 %, 13.11 %, 13.37 %, 658.25, 609.29 Cr.," 1,433 Cr.", 67.59 Cr., 0.11 %," 1,772 Cr."," 3,180", 2.50 Cr., 0.00, 91.50 Cr., 0.63 %," 12,776 Cr.", 19.32, 93.78, 78.70, 17.44, 10.00, 512.56," 4,293"," 14,546 Cr.", 395.80," 3,011 Cr.", 4.57, 21.74 %, 6.00, 43.79, 55.36, 6.99, 19.16 %, 53.27 %, 11.85 %, 6.71 %, 13.87 %, 21.48 %, 14.11 %, 20.86 %, 21.48 %, 14.11 %, 5.74 %, 2.04 %, 2.04 %, 13.42 %, 6.67 %, 33.90," 9,319", 87.02 %, 4.75 %, 3.02 %
SUREVIN,52 weeks High / Low 111.00 / 67.70, 4.04, 1.18 Cr., 35.09 %, 36.46 %, %, 28.20, 0.52 Cr., 0.03 Cr., 0.81 Cr., 0.07 %, 4.10 Cr., 104.00, 5.98 Cr., 0.63, 0.00 Cr., 0.00 %, 37.10 Cr., 15.20, 3.14, 3.14, 10.78, 10.00, 3.94,, 35.22 Cr., 11.65, 9.55 Cr., 0.34, 20.40 %, 4.00, 18.71, -16.68, 1.99, -43.00 %, 16.83 %, %, %, 10.46 %, 21.91 %, 15.52 %, 20.38 %, 21.91 %, 15.52 %, 16.44 %, 18.92 %, 18.92 %, 26.77 %, %, 29.85," 1,000", 56.13 %, %, %
