COUNT,SYMBOL,ADJUSTMENT_TYPE,DATE,FACTOR,URL,NSE
1,INFODRIVE,split,24-12-2014,0.1,https://www.moneycontrol.com/stocks/company_info/pricechart.php?sc_did=IDS01,
4,PNB,split,18-12-2014,0.2,https://www.moneycontrol.com/stocks/company_info/pricechart.php?sc_did=PNB05,
6,JKTYRE,split,18-12-2014,0.2,https://www.moneycontrol.com/stocks/company_info/pricechart.php?sc_did=JKT01,
8,ICICIBANK,split,04-12-2014,0.2,https://www.moneycontrol.com/stocks/company_info/pricechart.php?sc_did=ICI02,
9,GODFRYPHLP,split,28-11-2014,0.2,https://www.moneycontrol.com/stocks/company_info/pricechart.php?sc_did=GPI,
12,SURANASOL,split,25-11-2014,0.5,https://www.moneycontrol.com/stocks/company_info/pricechart.php?sc_did=SV05,
13,SURANAT&P,split,25-11-2014,0.2,https://www.moneycontrol.com/stocks/company_info/pricechart.php?sc_did=ST12,
14,ZENTEC,split,21-11-2014,0.1,https://www.moneycontrol.com/stocks/company_info/pricechart.php?sc_did=ZT01,
17,SBIN,split,20-11-2014,0.1,https://www.moneycontrol.com/stocks/company_info/pricechart.php?sc_did=SBI,
21,SHIVAMAUTO,split,30-10-2014,0.2,https://www.moneycontrol.com/stocks/company_info/pricechart.php?sc_did=SA13,
23,KRIDHANINF,split,27-10-2014,0.2,https://www.moneycontrol.com/stocks/company_info/pricechart.php?sc_did=RSI02,
28,JBMA,split,08-10-2014,0.5,https://www.moneycontrol.com/stocks/company_info/pricechart.php?sc_did=JBM03,
31,SUDARSCHEM,split,30-09-2014,0.2,https://www.moneycontrol.com/stocks/company_info/pricechart.php?sc_did=SCI08,
32,ASTRAL,split,25-09-2014,0.5,https://www.moneycontrol.com/stocks/company_info/pricechart.php?sc_did=APT02,
34,LAOPALA,split,24-09-2014,0.2,https://www.moneycontrol.com/stocks/company_info/pricechart.php?sc_did=LOR,
35,SOUISPAT,split,22-09-2014,0.1,https://www.moneycontrol.com/stocks/company_info/pricechart.php?sc_did=SI57,
37,PANAMAPET,split,19-09-2014,0.2,https://www.moneycontrol.com/stocks/company_info/pricechart.php?sc_did=PP02,
38,ATULAUTO,split,12-09-2014,0.5,https://www.moneycontrol.com/stocks/company_info/pricechart.php?sc_did=AA08,
40,ALKYLAMINE,split,08-09-2014,0.5,https://www.moneycontrol.com/stocks/company_info/pricechart.php?sc_did=AAC,
41,CAMLINFINE,split,04-09-2014,0.5,https://www.moneycontrol.com/stocks/company_info/pricechart.php?sc_did=CFC03,
42,J&KBANK,split,04-09-2014,0.1,https://www.moneycontrol.com/stocks/company_info/pricechart.php?sc_did=JKB,
44,MANINFRA,split,28-08-2014,0.2,https://www.moneycontrol.com/stocks/company_info/pricechart.php?sc_did=MI37,
45,HAVELLS,split,26-08-2014,0.2,https://www.moneycontrol.com/stocks/company_info/pricechart.php?sc_did=HI01,
50,AXISBANK,split,28-07-2014,0.2,https://www.moneycontrol.com/stocks/company_info/pricechart.php?sc_did=AB16,
54,DEEPAKNTR,split,20-06-2014,0.2,https://www.moneycontrol.com/stocks/company_info/pricechart.php?sc_did=DN,
63,VIKASECO,split,27-03-2014,0.1,https://www.moneycontrol.com/stocks/company_info/pricechart.php?sc_did=VGO01,
64,RAJTV,split,25-03-2014,0.5,https://www.moneycontrol.com/stocks/company_info/pricechart.php?sc_did=RTN,
71,RSYSTEMS,split,26-02-2014,0.1,https://www.moneycontrol.com/stocks/company_info/pricechart.php?sc_did=RSI01,
72,SHARONBIO,split,20-02-2014,0.2,https://www.moneycontrol.com/stocks/company_info/pricechart.php?sc_did=SBM01,
73,SWANENERGY,split,03-02-2014,0.5,https://www.moneycontrol.com/stocks/company_info/pricechart.php?sc_did=SM09,
75,KSCL,split,27-01-2014,0.2,https://www.moneycontrol.com/stocks/company_info/pricechart.php?sc_did=KSC01,
76,BSLIMITED,split,21-01-2014,0.1,https://www.moneycontrol.com/stocks/company_info/pricechart.php?sc_did=BT,
81,NIVINFRA,split,07-01-2014,10.0,https://www.moneycontrol.com/stocks/company_info/pricechart.php?sc_did=SVE,
0,DATAPROINF,split,25-12-2000,0.2,https://www.moneycontrol.com/stocks/company_info/pricechart.php?sc_did=DIT,
1,JENSONICOL,split,04-12-2000,0.2,https://www.moneycontrol.com/stocks/company_info/pricechart.php?sc_did=JN,
2,DABUR,split,27-11-2000,0.1,https://www.moneycontrol.com/stocks/company_info/pricechart.php?sc_did=DI,
3,HCLTECH,split,27-11-2000,0.5,https://www.moneycontrol.com/stocks/company_info/pricechart.php?sc_did=HCL02,
4,CUMMINSIND,split,20-11-2000,0.2,https://www.moneycontrol.com/stocks/company_info/pricechart.php?sc_did=CI02,
5,JIKIND,split,13-11-2000,0.1,https://www.moneycontrol.com/stocks/company_info/pricechart.php?sc_did=JIK,
6,MOREPENLAB,split,07-11-2000,0.2,https://www.moneycontrol.com/stocks/company_info/pricechart.php?sc_did=ML06,
7,NOVARTIND,split,06-11-2000,0.5,https://www.moneycontrol.com/stocks/company_info/pricechart.php?sc_did=NI01,
8,MASTEK,split,26-10-2000,0.5,https://www.moneycontrol.com/stocks/company_info/pricechart.php?sc_did=M,
10,CYBERSPACE,split,26-09-2000,0.2,https://www.moneycontrol.com/stocks/company_info/pricechart.php?sc_did=CI07,
11,PHARMACIA,split,25-09-2000,0.5,https://www.moneycontrol.com/stocks/company_info/pricechart.php?sc_did=PH04,
13,SONATSOFTW,split,25-09-2000,0.1,https://www.moneycontrol.com/stocks/company_info/pricechart.php?sc_did=SS42,
14,STER,split,25-09-2000,0.5,https://www.moneycontrol.com/stocks/company_info/pricechart.php?sc_did=SII,
15,SRGINFOTEC,split,18-09-2000,0.1,https://www.moneycontrol.com/stocks/company_info/pricechart.php?sc_did=PIC01,
16,KENNAMET,split,18-09-2000,0.1,https://www.moneycontrol.com/stocks/company_info/pricechart.php?sc_did=WI06,
17,FSS,split,11-09-2000,0.5,https://www.moneycontrol.com/stocks/company_info/pricechart.php?sc_did=FSS,
18,VATSALTD,split,30-08-2000,0.1,https://www.moneycontrol.com/stocks/company_info/pricechart.php?sc_did=VC04,
19,SHREEKRPET,split,21-08-2000,0.4,https://www.moneycontrol.com/stocks/company_info/pricechart.php?sc_did=EK01,
20,JAYAGROGN,split,21-08-2000,0.5,https://www.moneycontrol.com/stocks/company_info/pricechart.php?sc_did=JAO,
21,SATYAMCOMP,split,07-08-2000,0.2,https://www.moneycontrol.com/stocks/company_info/pricechart.php?sc_did=SCS,
22,ELGIEQUIP,split,02-08-2000,0.1,https://www.moneycontrol.com/stocks/company_info/pricechart.php?sc_did=EE01,
23,HINDUNILVR,split,03-07-2000,0.1,https://www.moneycontrol.com/stocks/company_info/pricechart.php?sc_did=HU,
24,ITIL,split,19-06-2000,0.5,https://www.moneycontrol.com/stocks/company_info/pricechart.php?sc_did=IT01,
25,COMPUTECH,split,15-05-2000,0.5,https://www.moneycontrol.com/stocks/company_info/pricechart.php?sc_did=CI15,
26,VATSMUSC,split,10-05-2000,0.1,https://www.moneycontrol.com/stocks/company_info/pricechart.php?sc_did=VM05,
27,BLBLIMITED,split,02-05-2000,0.1,https://www.moneycontrol.com/stocks/company_info/pricechart.php?sc_did=BLB,
28,DOLAT,split,02-05-2000,0.1,https://www.moneycontrol.com/stocks/company_info/pricechart.php?sc_did=DI11,
29,POLARIS,split,02-05-2000,0.5,https://www.moneycontrol.com/stocks/company_info/pricechart.php?sc_did=PSL01,
30,INFY,split,24-01-2000,0.5,https://www.moneycontrol.com/stocks/company_info/pricechart.php?sc_did=IT,
1,GUJCOTEX,split,22-11-2019,0.5,https://www.moneycontrol.com/india/stockpricequote/textilesprocessing/gujaratcotex/GC09,
2,HIMGRANITE,split,08-11-2019,0.5,https://www.moneycontrol.com/india/stockpricequote/ceramicsgranite/himalayagranites/HG,
5,SATIA,split,15-10-2019,0.1,https://www.moneycontrol.com/india/stockpricequote/financeleasinghirepurchase/amalgamatedelectricity/SI96,
7,HDFCBANK,split,19-09-2019,0.5,https://www.moneycontrol.com/india/stockpricequote/banksprivatesector/hdfcbank/HDF01,
10,SESHAPAPER,split,19-08-2019,0.2,https://www.moneycontrol.com/india/stockpricequote/paper/seshasayeepaperboards/SPB,
12,APCOTEXIND,split,04-07-2019,0.4,https://www.moneycontrol.com/india/stockpricequote/rubber/apcotexindustries/AI58,
14,CHOLAFIN,split,14-06-2019,0.2,https://www.moneycontrol.com/india/stockpricequote/financeleasinghirepurchase/cholamandalaminvestmentfinancecompany/CDB,
15,JMA,split,14-05-2019,0.2,https://www.moneycontrol.com/india/stockpricequote/financeleasinghirepurchase/cholamandalaminvestmentfinancecompany/JMA,
17,MCL,split,02-05-2019,0.5,https://www.moneycontrol.com/india/stockpricequote/financeinvestments/orienttradelink/MC07,
23,SARASIND,split,28-03-2019,0.1,https://www.moneycontrol.com/india/stockpricequote/sugar/saraswatiindustrialsyndicate/SIS06,
28,RADIOCITY,split,20-02-2019,0.2,https://www.moneycontrol.com/india/stockpricequote/textilescompositemills/jamshriranjitsinghjispinningweavingmills/MB05,
32,GUJGASLTD,split,15-01-2019,0.2,https://www.moneycontrol.com/india/stockpricequote/oildrillingandexploration/gujaratgascompany/GGC,
1,UJAAS,split,21-12-2012,0.1,https://www.moneycontrol.com/stocks/company_info/pricechart.php?sc_did=S18,
3,SETUINFRA,split,13-12-2012,0.1,https://www.moneycontrol.com/stocks/company_info/pricechart.php?sc_did=PC02,
8,RUBYMILLS,split,22-11-2012,0.5,https://www.moneycontrol.com/stocks/company_info/pricechart.php?sc_did=RM04,
9,NACLIND,split,22-11-2012,0.1,https://www.moneycontrol.com/stocks/company_info/pricechart.php?sc_did=NA04,
10,SHALPAINTS,split,22-11-2012,0.2,https://www.moneycontrol.com/stocks/company_info/pricechart.php?sc_did=SP13,
11,BBTC,split,08-11-2012,0.2,https://www.moneycontrol.com/stocks/company_info/pricechart.php?sc_did=BBT,
16,KANANIIND,split,01-11-2012,0.2,https://www.moneycontrol.com/stocks/company_info/pricechart.php?sc_did=KI26,
18,BOMDYEING,split,30-10-2012,0.2,https://www.moneycontrol.com/stocks/company_info/pricechart.php?sc_did=BDM,
19,ORISSAMINE,split,29-10-2012,0.1,https://www.moneycontrol.com/stocks/company_info/pricechart.php?sc_did=OMD,
21,GOENKA,split,25-10-2012,0.1,https://www.moneycontrol.com/stocks/company_info/pricechart.php?sc_did=GDJ01,
22,AMRUTANJAN,split,25-10-2012,0.2,https://www.moneycontrol.com/stocks/company_info/pricechart.php?sc_did=AHC01,
25,AMARAJABAT,split,25-09-2012,0.5,https://www.moneycontrol.com/stocks/company_info/pricechart.php?sc_did=ARB,
26,GSFC,split,20-09-2012,0.2,https://www.moneycontrol.com/stocks/company_info/pricechart.php?sc_did=GSF,
28,VTMLTD,split,16-08-2012,0.1,https://www.moneycontrol.com/stocks/company_info/pricechart.php?sc_did=VTM,
30,AJANTPHARM,split,09-08-2012,0.5,https://www.moneycontrol.com/stocks/company_info/pricechart.php?sc_did=AP22,
33,GRUH,split,24-07-2012,0.2,https://www.moneycontrol.com/stocks/company_info/pricechart.php?sc_did=GRU,
34,ZYLOG,split,29-06-2012,0.5,https://www.moneycontrol.com/stocks/company_info/pricechart.php?sc_did=ZS,
36,RMMIL,split,14-06-2012,10.0,https://www.moneycontrol.com/stocks/company_info/pricechart.php?sc_did=RMM01,
38,AVTNPL,split,07-06-2012,0.1,https://www.moneycontrol.com/stocks/company_info/pricechart.php?sc_did=AVT02,
41,GRAVITA,split,25-05-2012,0.2,https://www.moneycontrol.com/stocks/company_info/pricechart.php?sc_did=GI09,
42,INDOCO,split,17-05-2012,0.2,https://www.moneycontrol.com/stocks/company_info/pricechart.php?sc_did=IR05,
43,ARVINDREM,split,14-05-2012,10.0,https://www.moneycontrol.com/stocks/company_info/pricechart.php?sc_did=AR06,
46,VAKRANGEE,split,12-04-2012,0.1,https://www.moneycontrol.com/stocks/company_info/pricechart.php?sc_did=VS,
50,NDL,split,07-03-2012,10.0,https://www.moneycontrol.com/stocks/company_info/pricechart.php?sc_did=NE06,
51,PLASTIBLEN,split,29-02-2012,0.5,https://www.moneycontrol.com/stocks/company_info/pricechart.php?sc_did=PI13,
54,CAMLINFINE,split,15-02-2012,0.2,https://www.moneycontrol.com/stocks/company_info/pricechart.php?sc_did=CFC03,
55,SYMPHONY,split,15-02-2012,0.2,https://www.moneycontrol.com/stocks/company_info/pricechart.php?sc_did=SCS04,
0,HTMEDIA,split,28-12-2006,0.2,https://www.moneycontrol.com/stocks/company_info/pricechart.php?sc_did=HT,
1,KEI,split,21-12-2006,0.2,https://www.moneycontrol.com/stocks/company_info/pricechart.php?sc_did=KEI,
2,LAKSHMIEFL,split,15-12-2006,0.2,https://www.moneycontrol.com/stocks/company_info/pricechart.php?sc_did=LEF,
3,LAXMIMACH,split,13-12-2006,0.1,https://www.moneycontrol.com/stocks/company_info/pricechart.php?sc_did=LMW,
4,FEL,split,12-12-2006,0.2,https://www.moneycontrol.com/stocks/company_info/pricechart.php?sc_did=PR03,
5,FELDVR,split,12-12-2006,0.2,https://www.moneycontrol.com/stocks/company_info/pricechart.php?sc_did=FELDV57000,
6,GRAPHITE,split,11-12-2006,0.2,https://www.moneycontrol.com/stocks/company_info/pricechart.php?sc_did=GI13,
7,SANWARIA,split,08-12-2006,0.4,https://www.moneycontrol.com/stocks/company_info/pricechart.php?sc_did=SAO,
8,TCI,split,05-12-2006,0.2,https://www.moneycontrol.com/stocks/company_info/pricechart.php?sc_did=TCI04,
9,ALICON,split,04-12-2006,0.5,https://www.moneycontrol.com/stocks/company_info/pricechart.php?sc_did=EC06,
11,SUPREMETEX,split,17-11-2006,0.5,https://www.moneycontrol.com/stocks/company_info/pricechart.php?sc_did=STM03,
13,MAZDA,split,13-11-2006,5.0,https://www.moneycontrol.com/stocks/company_info/pricechart.php?sc_did=M14,
14,INDHOTEL,split,27-10-2006,0.1,https://www.moneycontrol.com/stocks/company_info/pricechart.php?sc_did=IHC,
15,GMMPFAUDLR,split,20-10-2006,0.2,https://www.moneycontrol.com/stocks/company_info/pricechart.php?sc_did=GMM01,
18,ELECON,split,17-10-2006,0.2,https://www.moneycontrol.com/stocks/company_info/pricechart.php?sc_did=EEC,
19,MUNJALSHOW,split,16-10-2006,0.2,https://www.moneycontrol.com/stocks/company_info/pricechart.php?sc_did=MS,
20,SWANENERGY,split,13-10-2006,0.02,https://www.moneycontrol.com/stocks/company_info/pricechart.php?sc_did=SM09,
21,MANALIPETC,split,28-09-2006,0.5,https://www.moneycontrol.com/stocks/company_info/pricechart.php?sc_did=MP02,
22,NAVNETEDUL,split,27-09-2006,0.2,https://www.moneycontrol.com/stocks/company_info/pricechart.php?sc_did=NP01,
23,ALEMBICLTD,split,26-09-2006,0.2,https://www.moneycontrol.com/stocks/company_info/pricechart.php?sc_did=A08,
24,GEOJITFSL,split,26-09-2006,0.1,https://www.moneycontrol.com/stocks/company_info/pricechart.php?sc_did=GBN01,
25,VOLTAS,split,22-09-2006,0.1,https://www.moneycontrol.com/stocks/company_info/pricechart.php?sc_did=V,
26,BLUESTARCO,split,20-09-2006,0.2,https://www.moneycontrol.com/stocks/company_info/pricechart.php?sc_did=BS,
27,PANYAMCEM,split,13-09-2006,0.1,https://www.moneycontrol.com/stocks/company_info/pricechart.php?sc_did=PCM,
28,SIMPLEXINF,split,13-09-2006,0.2,https://www.moneycontrol.com/stocks/company_info/pricechart.php?sc_did=SI82,
29,EIHOTEL,split,12-09-2006,0.2,https://www.moneycontrol.com/stocks/company_info/pricechart.php?sc_did=EIH,
30,EXIDEIND,split,08-09-2006,0.1,https://www.moneycontrol.com/stocks/company_info/pricechart.php?sc_did=EI,
31,HOTELEELA,split,08-09-2006,0.2,https://www.moneycontrol.com/stocks/company_info/pricechart.php?sc_did=HLV,
32,SUPERSPIN,split,01-09-2006,0.1,https://www.moneycontrol.com/stocks/company_info/pricechart.php?sc_did=SSM07,
33,GODREJIND,split,25-08-2006,0.16666666666666666,https://www.moneycontrol.com/stocks/company_info/pricechart.php?sc_did=GI23,
34,GODREJCP,split,24-08-2006,0.25,https://www.moneycontrol.com/stocks/company_info/pricechart.php?sc_did=GCP,
35,GEMINI,split,18-08-2006,0.5,https://www.moneycontrol.com/stocks/company_info/pricechart.php?sc_did=GC17,
37,CGPOWER,split,10-08-2006,0.2,https://www.moneycontrol.com/stocks/company_info/pricechart.php?sc_did=CG,
41,JYOTISTRUC,split,28-07-2006,0.2,https://www.moneycontrol.com/stocks/company_info/pricechart.php?sc_did=JS03,
42,CYIENT,split,28-07-2006,0.5,https://www.moneycontrol.com/stocks/company_info/pricechart.php?sc_did=IE07,
43,UNITECH,split,23-06-2006,0.2,https://www.moneycontrol.com/stocks/company_info/pricechart.php?sc_did=U,
44,ASTRAZEN,split,15-06-2006,0.2,https://www.moneycontrol.com/stocks/company_info/pricechart.php?sc_did=AZP,
45,SIEMENS,split,13-06-2006,0.2,https://www.moneycontrol.com/stocks/company_info/pricechart.php?sc_did=S,
46,UBL,split,09-06-2006,0.1,https://www.moneycontrol.com/stocks/company_info/pricechart.php?sc_did=UB02,
48,ESSELPACK,split,08-06-2006,0.2,https://www.moneycontrol.com/stocks/company_info/pricechart.php?sc_did=EP11,
49,CHOLAHLDNG,split,31-05-2006,0.2,https://www.moneycontrol.com/stocks/company_info/pricechart.php?sc_did=TII,
51,HINDDORROL,split,26-05-2006,0.2,https://www.moneycontrol.com/stocks/company_info/pricechart.php?sc_did=HDO,
52,GRINDWELL,split,26-05-2006,0.5,https://www.moneycontrol.com/stocks/company_info/pricechart.php?sc_did=GN,
53,NATPEROXID,split,26-05-2006,0.1,https://www.moneycontrol.com/stocks/company_info/pricechart.php?sc_did=NP03,
54,ANSALAPI,split,10-05-2006,0.5,https://www.moneycontrol.com/stocks/company_info/pricechart.php?sc_did=API07,
55,STER,split,05-05-2006,0.4,https://www.moneycontrol.com/stocks/company_info/pricechart.php?sc_did=SII,
56,MAHSEAMLES,split,18-04-2006,0.5,https://www.moneycontrol.com/stocks/company_info/pricechart.php?sc_did=MS02,
58,THERMAX,split,31-03-2006,0.2,https://www.moneycontrol.com/stocks/company_info/pricechart.php?sc_did=T,
59,IVRCLINFRA,split,29-03-2006,0.2,https://www.moneycontrol.com/stocks/company_info/pricechart.php?sc_did=IVR,
60,HARIGCRANK,split,29-03-2006,0.1,https://www.moneycontrol.com/stocks/company_info/pricechart.php?sc_did=HC,
61,ASHAPURMIN,split,23-03-2006,0.2,https://www.moneycontrol.com/stocks/company_info/pricechart.php?sc_did=AM07,
63,GATI,split,21-03-2006,0.2,https://www.moneycontrol.com/stocks/company_info/pricechart.php?sc_did=G04,
64,JUBILANT,split,17-03-2006,0.2,https://www.moneycontrol.com/stocks/company_info/pricechart.php?sc_did=JO03,
65,CHEMPLAST,split,08-03-2006,0.1,https://www.moneycontrol.com/stocks/company_info/pricechart.php?sc_did=CS06,
66,KCPSUGIND,split,08-03-2006,0.1,https://www.moneycontrol.com/stocks/company_info/pricechart.php?sc_did=KCP01,
69,VIMTALABS,split,24-02-2006,0.2,https://www.moneycontrol.com/stocks/company_info/pricechart.php?sc_did=VL04,
70,TORNTPHARM,split,20-02-2006,0.5,https://www.moneycontrol.com/stocks/company_info/pricechart.php?sc_did=TP06,
71,VIPCLOTHNG,split,16-02-2006,0.2,https://www.moneycontrol.com/stocks/company_info/pricechart.php?sc_did=MI53,
73,LINCOLN,split,08-02-2006,0.2,https://www.moneycontrol.com/stocks/company_info/pricechart.php?sc_did=LP06,
74,DONEAR,split,27-01-2006,0.2,https://www.moneycontrol.com/stocks/company_info/pricechart.php?sc_did=DI25,
76,AARTIIND,split,13-01-2006,0.5,https://www.moneycontrol.com/stocks/company_info/pricechart.php?sc_did=AI45,
78,GAEL,split,06-01-2006,0.2,https://www.moneycontrol.com/stocks/company_info/pricechart.php?sc_did=GAE,
79,ANTGRAPHIC,split,06-01-2006,0.1,https://www.moneycontrol.com/stocks/company_info/pricechart.php?sc_did=A16,
80,RADICO,split,06-01-2006,0.2,https://www.moneycontrol.com/stocks/company_info/pricechart.php?sc_did=RK01,
82,COROMANDEL,split,02-01-2006,0.2,https://www.moneycontrol.com/stocks/company_info/pricechart.php?sc_did=CI45,
0,BARODARAYN,split,13-02-1997,0.1,https://www.moneycontrol.com/stocks/company_info/pricechart.php?sc_did=BRC,
2,DRREDDY,split,10-10-2001,0.5,https://www.moneycontrol.com/stocks/company_info/pricechart.php?sc_did=DRL,
3,SKFINDIA,split,01-10-2001,0.1,https://www.moneycontrol.com/stocks/company_info/pricechart.php?sc_did=SKF01,
4,DALALSTCOM,split,10-09-2001,0.1,https://www.moneycontrol.com/stocks/company_info/pricechart.php?sc_did=DSJ,
6,SRGINFOTEC,split,20-08-2001,10.0,https://www.moneycontrol.com/stocks/company_info/pricechart.php?sc_did=PIC01,
15,HEROMOTOCO,split,12-03-2001,0.2,https://www.moneycontrol.com/stocks/company_info/pricechart.php?sc_did=HHM,
19,VIKASWSP,split,22-01-2001,0.1,https://www.moneycontrol.com/stocks/company_info/pricechart.php?sc_did=VWS,
21,PATELENG,split,02-01-2001,0.5,https://www.moneycontrol.com/stocks/company_info/pricechart.php?sc_did=PEC,
22,IPAPPM,split,01-01-2001,0.1,https://www.moneycontrol.com/stocks/company_info/pricechart.php?sc_did=APP,
2,INDTERRAIN,split,21-12-2015,0.2,https://www.moneycontrol.com/stocks/company_info/pricechart.php?sc_did=ITF,
3,SMSPHARMA,split,17-12-2015,0.1,https://www.moneycontrol.com/stocks/company_info/pricechart.php?sc_did=SP38,
4,SETCO,split,16-12-2015,0.2,https://www.moneycontrol.com/stocks/company_info/pricechart.php?sc_did=SA14,
9,JKIL,split,10-12-2015,0.5,https://www.moneycontrol.com/stocks/company_info/pricechart.php?sc_did=KI01,
11,JAMNAAUTO,split,03-12-2015,0.5,https://www.moneycontrol.com/stocks/company_info/pricechart.php?sc_did=JAI,
16,NATCOPHARM,split,26-11-2015,0.2,https://www.moneycontrol.com/stocks/company_info/pricechart.php?sc_did=NP07,
17,AVANTIFEED,split,26-11-2015,0.2,https://www.moneycontrol.com/stocks/company_info/pricechart.php?sc_did=AF21,
18,ASOCSTONE,split,26-11-2015,0.2,https://www.moneycontrol.com/stocks/company_info/pricechart.php?sc_did=ASI01,
20,SHILPAMED,split,06-11-2015,0.5,https://www.moneycontrol.com/stocks/company_info/pricechart.php?sc_did=SM19,
28,SARLAPOLY,split,29-10-2015,0.1,https://www.moneycontrol.com/stocks/company_info/pricechart.php?sc_did=SPF01,
32,LAMBODHARA,split,15-10-2015,0.5,https://www.moneycontrol.com/stocks/company_info/pricechart.php?sc_did=LT02,
33,BATAINDIA,split,07-10-2015,0.5,https://www.moneycontrol.com/stocks/company_info/pricechart.php?sc_did=BI01,
34,CADILAHC,split,06-10-2015,0.2,https://www.moneycontrol.com/stocks/company_info/pricechart.php?sc_did=CHC,
36,ALANKIT,split,23-09-2015,0.2,https://www.moneycontrol.com/stocks/company_info/pricechart.php?sc_did=EGJ,
38,AEGISCHEM,split,16-09-2015,0.1,https://www.moneycontrol.com/stocks/company_info/pricechart.php?sc_did=AL9,
39,URJA,split,16-09-2015,0.1,https://www.moneycontrol.com/stocks/company_info/pricechart.php?sc_did=UG01,
41,ITDCEM,split,21-08-2015,0.1,https://www.moneycontrol.com/stocks/company_info/pricechart.php?sc_did=ITD03,
42,SIGIND,split,17-08-2015,0.1,https://www.moneycontrol.com/stocks/company_info/pricechart.php?sc_did=SF22,
44,HIGHGROUND,split,16-07-2015,0.1,https://www.moneycontrol.com/stocks/company_info/pricechart.php?sc_did=WYE,
46,JMTAUTOLTD,split,25-06-2015,0.2,https://www.moneycontrol.com/stocks/company_info/pricechart.php?sc_did=JMT02,
48,FCL,split,11-06-2015,0.2,https://www.moneycontrol.com/stocks/company_info/pricechart.php?sc_did=FC02,
50,ELPROINTL,split,04-06-2015,0.2,https://www.moneycontrol.com/stocks/company_info/pricechart.php?sc_did=EI03,
51,ROLLT,split,04-06-2015,0.2,https://www.moneycontrol.com/stocks/company_info/pricechart.php?sc_did=R05,
55,TWL,split,23-04-2015,0.2,https://www.moneycontrol.com/stocks/company_info/pricechart.php?sc_did=TW04,
57,PITTIENG,split,16-04-2015,0.5,https://www.moneycontrol.com/stocks/company_info/pricechart.php?sc_did=PL,
59,MENONBE,split,09-04-2015,0.2,https://www.moneycontrol.com/stocks/company_info/pricechart.php?sc_did=MB01,
61,KSERASERA,split,30-03-2015,0.1,https://www.moneycontrol.com/stocks/company_info/pricechart.php?sc_did=GPM,
63,KANSAINER,split,26-03-2015,0.1,https://www.moneycontrol.com/stocks/company_info/pricechart.php?sc_did=KNP,
65,GRANULES,split,23-03-2015,0.1,https://www.moneycontrol.com/stocks/company_info/pricechart.php?sc_did=GI25,
66,AJANTPHARM,split,20-03-2015,0.4,https://www.moneycontrol.com/stocks/company_info/pricechart.php?sc_did=AP22,
67,TECHM,split,19-03-2015,0.5,https://www.moneycontrol.com/stocks/company_info/pricechart.php?sc_did=TM4,
72,HIKAL,split,27-02-2015,0.2,https://www.moneycontrol.com/stocks/company_info/pricechart.php?sc_did=H05,
81,POLYMED,split,02-02-2015,0.5,https://www.moneycontrol.com/stocks/company_info/pricechart.php?sc_did=PM06,
82,TATACOFFEE,split,23-01-2015,0.1,https://www.moneycontrol.com/stocks/company_info/pricechart.php?sc_did=TC14,
83,CORPBANK,split,22-01-2015,0.2,https://www.moneycontrol.com/stocks/company_info/pricechart.php?sc_did=CB,
84,BANKBARODA,split,22-01-2015,0.2,https://www.moneycontrol.com/stocks/company_info/pricechart.php?sc_did=BOB,
85,RSSOFTWARE,split,21-01-2015,0.5,https://www.moneycontrol.com/stocks/company_info/pricechart.php?sc_did=RSS,
86,BERGEPAINT,split,08-01-2015,0.5,https://www.moneycontrol.com/stocks/company_info/pricechart.php?sc_did=BPI02,
88,HATHWAY,split,06-01-2015,0.2,https://www.moneycontrol.com/stocks/company_info/pricechart.php?sc_did=HCD,
89,MINDACORP,split,05-01-2015,0.2,https://www.moneycontrol.com/stocks/company_info/pricechart.php?sc_did=MC23,
0,OAL,split,13-12-2018,0.5,https://www.moneycontrol.com/india/stockpricequote/chemicals/camphoralliedproducts/CAP,
1,BRITANNIA,split,29-11-2018,0.5,https://www.moneycontrol.com/india/stockpricequote/foodprocessing/britanniaindustries/BI,
8,DFMFOODS,split,01-11-2018,0.2,https://www.moneycontrol.com/india/stockpricequote/miscellaneous/dfmfoods/DFM,
10,JINDWORLD,split,31-10-2018,0.2,https://www.moneycontrol.com/india/stockpricequote/trading/jindalworldwide/JW01,
11,DAMODARIND,split,25-10-2018,0.5,https://www.moneycontrol.com/india/stockpricequote/textilesspinningsyntheticblended/damodarthreads/DT,
14,IEX,split,19-10-2018,0.1,https://www.moneycontrol.com/india/stockpricequote/financeinvestments/frontlinesecurities/IEE,
15,APOLSINHOT,split,12-10-2018,0.5,https://www.moneycontrol.com/india/stockpricequote/financeinvestments/frontlinesecurities/ASH,
17,JMCPROJECT,split,04-10-2018,0.2,https://www.moneycontrol.com/india/stockpricequote/constructioncontractingcivil/jmcprojectsindia/JMC,
18,KGKHOSLA,split,26-09-2018,0.2,https://www.moneycontrol.com/india/stockpricequote/compressors/kirloskarpneumaticcompany/KGK,
21,ZENSARTECH,split,07-09-2018,0.2,https://www.moneycontrol.com/india/stockpricequote/computerssoftware/zensartechnologies/ZT02,
22,TIRUMALCHM,split,14-08-2018,0.1,https://www.moneycontrol.com/india/stockpricequote/chemicals/thirumalaichemicals/TC07,
23,AIRAN,split,14-08-2018,0.2,https://www.moneycontrol.com/india/stockpricequote/chemicals/thirumalaichemicals/A09,
24,SIGIND,split,13-08-2018,10.0,https://www.moneycontrol.com/india/stockpricequote/financeinvestments/signetindustries/SF22,
26,GALLISPAT,split,07-08-2018,0.1,https://www.moneycontrol.com/india/stockpricequote/steelspongeiron/gallanttispat/GI,
28,SHRENIK,split,09-07-2018,0.2,https://www.moneycontrol.com/india/stockpricequote/computerssoftware/otcointernational/S25,
29,FILATEX,split,27-06-2018,0.2,https://www.moneycontrol.com/india/stockpricequote/textilesmanmade/filatexindia/FI06,
30,AVANTIFEED,split,26-06-2018,0.5,https://www.moneycontrol.com/india/stockpricequote/aquaculture/avantifeeds/AF21,
31,CONCOR,split,26-06-2018,0.5,https://www.moneycontrol.com/india/stockpricequote/transport/containercorporationindia/CCI,
32,UNIPLY,split,25-06-2018,0.2,https://www.moneycontrol.com/india/stockpricequote/miscellaneous/uniplyindustries/UI16,
33,VIKASPROP,split,22-06-2018,0.1,https://www.moneycontrol.com/india/stockpricequote/foodprocessing/adarshderivatives/AD03,
34,MCDOWELL-N,split,15-06-2018,0.2,https://www.moneycontrol.com/india/stockpricequote/breweriesdistilleries/unitedspirits/US,
36,BCP,split,14-06-2018,0.2,https://www.moneycontrol.com/india/stockpricequote/plastics/swadeshiindustriesleasingcompany/PC13,
37,LUMAXTECH,split,07-06-2018,0.2,https://www.moneycontrol.com/india/stockpricequote/autoancillaries/lumaxautotechnologies/LAT01,
40,CITURGIBIO,split,26-04-2018,0.2,https://www.moneycontrol.com/india/stockpricequote/chemicals/citurgiabiochemicals/CB03,
41,NBCC,split,25-04-2018,0.5,https://www.moneycontrol.com/india/stockpricequote/chemicals/citurgiabiochemicals/NBC01,
43,PHILIPCARB,split,19-04-2018,0.2,https://www.moneycontrol.com/india/stockpricequote/chemicals/phillipscarbonblack/PCB01,
47,AMRUTANJAN,split,13-04-2018,0.5,https://www.moneycontrol.com/india/stockpricequote/pharmaceuticals/amrutanjanhealthcare/AHC01,
50,MARATHON,split,05-04-2018,0.5,https://www.moneycontrol.com/india/stockpricequote/constructioncontractingrealestate/marathonnextgenrealty/MNR,
51,INDNIPPON,split,21-03-2018,0.5,https://www.moneycontrol.com/india/stockpricequote/autoancillaries/indianipponelectricals/INE,
53,SINGER,split,17-01-2018,0.2,https://www.moneycontrol.com/india/stockpricequote/trading/singerindia/SI26,
0,KANORICHEM,split,31-12-2007,0.5,https://www.moneycontrol.com/stocks/company_info/pricechart.php?sc_did=KCI01,
1,JPASSOCIAT,split,17-12-2007,0.2,https://www.moneycontrol.com/stocks/company_info/pricechart.php?sc_did=JA02,
2,KRITIIND,split,13-12-2007,0.1,https://www.moneycontrol.com/stocks/company_info/pricechart.php?sc_did=KII,
5,BANCOINDIA,split,23-11-2007,0.2,https://www.moneycontrol.com/stocks/company_info/pricechart.php?sc_did=BPI,
6,SUBROS,split,20-11-2007,0.2,https://www.moneycontrol.com/stocks/company_info/pricechart.php?sc_did=S07,
8,GMDCLTD,split,08-11-2007,0.2,https://www.moneycontrol.com/stocks/company_info/pricechart.php?sc_did=GMD,
9,RUCHISOYA,split,29-10-2007,0.2,https://www.moneycontrol.com/stocks/company_info/pricechart.php?sc_did=RSI,
10,VIPULLTD,split,29-10-2007,0.2,https://www.moneycontrol.com/stocks/company_info/pricechart.php?sc_did=V04,
11,WSTCSTPAPR,split,26-10-2007,0.2,https://www.moneycontrol.com/stocks/company_info/pricechart.php?sc_did=WCP,
12,GOCLCORP,split,26-10-2007,0.2,https://www.moneycontrol.com/stocks/company_info/pricechart.php?sc_did=GOC01,
13,SABTN,split,25-10-2007,5.0,https://www.moneycontrol.com/stocks/company_info/pricechart.php?sc_did=SAB,
15,FAZETHREE,split,24-10-2007,5.0,https://www.moneycontrol.com/stocks/company_info/pricechart.php?sc_did=FTE,
16,ICSA,split,23-10-2007,0.2,https://www.moneycontrol.com/stocks/company_info/pricechart.php?sc_did=ICS,
17,ADVANIHOTR,split,22-10-2007,0.2,https://www.moneycontrol.com/stocks/company_info/pricechart.php?sc_did=AHR,
18,ASIANELEC,split,22-10-2007,0.5,https://www.moneycontrol.com/stocks/company_info/pricechart.php?sc_did=AE11,
19,BLKASHYAP,split,22-10-2007,0.5,https://www.moneycontrol.com/stocks/company_info/pricechart.php?sc_did=BLK,
20,LLOYDMETAL,split,19-10-2007,0.2,https://www.moneycontrol.com/stocks/company_info/pricechart.php?sc_did=LME,
21,PENINLAND,split,16-10-2007,0.2,https://www.moneycontrol.com/stocks/company_info/pricechart.php?sc_did=PL10,
22,ARSHIYA,split,12-10-2007,0.2,https://www.moneycontrol.com/stocks/company_info/pricechart.php?sc_did=AI60,
23,MANINDS,split,09-10-2007,0.5,https://www.moneycontrol.com/stocks/company_info/pricechart.php?sc_did=MII,
24,ANANTRAJ,split,08-10-2007,0.2,https://www.moneycontrol.com/stocks/company_info/pricechart.php?sc_did=ARI,
25,COMPUSOFT,split,08-10-2007,0.2,https://www.moneycontrol.com/stocks/company_info/pricechart.php?sc_did=CS14,
26,JAICORPLTD,split,05-10-2007,0.1,https://www.moneycontrol.com/stocks/company_info/pricechart.php?sc_did=JC08,
27,SHILPAMED,split,28-09-2007,0.2,https://www.moneycontrol.com/stocks/company_info/pricechart.php?sc_did=SM19,
28,GMRINFRA,split,28-09-2007,0.2,https://www.moneycontrol.com/stocks/company_info/pricechart.php?sc_did=GI27,
29,BATLIBOI,split,26-09-2007,0.5,https://www.moneycontrol.com/stocks/company_info/pricechart.php?sc_did=B02,
30,AMARAJABAT,split,19-09-2007,0.2,https://www.moneycontrol.com/stocks/company_info/pricechart.php?sc_did=ARB,
31,ELECTCAST,split,17-09-2007,0.1,https://www.moneycontrol.com/stocks/company_info/pricechart.php?sc_did=EC02,
32,AHLUCONT,split,14-09-2007,0.2,https://www.moneycontrol.com/stocks/company_info/pricechart.php?sc_did=ACI12,
33,GLENMARK,split,10-09-2007,0.5,https://www.moneycontrol.com/stocks/company_info/pricechart.php?sc_did=GP08,
34,USHAMART,split,29-08-2007,0.2,https://www.moneycontrol.com/stocks/company_info/pricechart.php?sc_did=UM01,
35,HIRECT,split,28-08-2007,0.2,https://www.moneycontrol.com/stocks/company_info/pricechart.php?sc_did=HR01,
36,NIITLTD,split,24-08-2007,0.2,https://www.moneycontrol.com/stocks/company_info/pricechart.php?sc_did=NII,
37,SANGHVIMOV,split,23-08-2007,0.2,https://www.moneycontrol.com/stocks/company_info/pricechart.php?sc_did=SM10,
38,EKC,split,21-08-2007,0.2,https://www.moneycontrol.com/stocks/company_info/pricechart.php?sc_did=EKC,
40,APOLLOTYRE,split,17-08-2007,0.1,https://www.moneycontrol.com/stocks/company_info/pricechart.php?sc_did=AT14,
41,DIVISLAB,split,03-08-2007,0.2,https://www.moneycontrol.com/stocks/company_info/pricechart.php?sc_did=DL03,
43,EASUNREYRL,split,31-07-2007,0.2,https://www.moneycontrol.com/stocks/company_info/pricechart.php?sc_did=ER,
44,SUNTV,split,23-07-2007,0.5,https://www.moneycontrol.com/stocks/company_info/pricechart.php?sc_did=STN01,
45,KSOILS,split,18-07-2007,0.1,https://www.moneycontrol.com/stocks/company_info/pricechart.php?sc_did=KSO,
47,ALCHEM,split,05-07-2007,10.0,https://www.moneycontrol.com/stocks/company_info/pricechart.php?sc_did=A12,
49,ABB,split,28-06-2007,0.2,https://www.moneycontrol.com/stocks/company_info/pricechart.php?sc_did=ABB,
50,COREEDUTEC,split,06-06-2007,0.2,https://www.moneycontrol.com/stocks/company_info/pricechart.php?sc_did=CPT,
51,PAPERPROD,split,25-05-2007,0.2,https://www.moneycontrol.com/stocks/company_info/pricechart.php?sc_did=PP,
52,THOMASCOOK,split,14-05-2007,0.1,https://www.moneycontrol.com/stocks/company_info/pricechart.php?sc_did=TCI,
53,MIRZAINT,split,24-04-2007,0.2,https://www.moneycontrol.com/stocks/company_info/pricechart.php?sc_did=MI46,
55,PUNJLLOYD,split,29-03-2007,0.2,https://www.moneycontrol.com/stocks/company_info/pricechart.php?sc_did=PL9,
56,NRBBEARING,split,26-03-2007,0.2,https://www.moneycontrol.com/stocks/company_info/pricechart.php?sc_did=NRB,
57,SUVEN,split,23-03-2007,0.5,https://www.moneycontrol.com/stocks/company_info/pricechart.php?sc_did=SLS01,
61,NIRMA,split,14-03-2007,0.5,https://www.moneycontrol.com/stocks/company_info/pricechart.php?sc_did=N,
62,DCHL,split,13-03-2007,0.2,https://www.moneycontrol.com/stocks/company_info/pricechart.php?sc_did=DCH,
64,MFSL,split,12-03-2007,0.2,https://www.moneycontrol.com/stocks/company_info/pricechart.php?sc_did=MI,
65,MARICO,split,21-02-2007,0.1,https://www.moneycontrol.com/stocks/company_info/pricechart.php?sc_did=M13,
66,GOKEX,split,08-02-2007,0.5,https://www.moneycontrol.com/stocks/company_info/pricechart.php?sc_did=GE05,
67,JIKIND,split,07-02-2007,10.0,https://www.moneycontrol.com/stocks/company_info/pricechart.php?sc_did=JIK,
68,PARACABLES,split,25-01-2007,0.2,https://www.moneycontrol.com/stocks/company_info/pricechart.php?sc_did=PC01,
70,PONDYOXIDE,split,15-01-2007,5.0,https://www.moneycontrol.com/stocks/company_info/pricechart.php?sc_did=PO03,
73,FINCABLES,split,08-01-2007,0.2,https://www.moneycontrol.com/stocks/company_info/pricechart.php?sc_did=FC01,
74,BSOFT,split,04-01-2007,0.4,https://www.moneycontrol.com/stocks/company_info/pricechart.php?sc_did=KPI02,
6,CNOVAPETRO,split,05-12-2013,2.0,https://www.moneycontrol.com/stocks/company_info/pricechart.php?sc_did=CIL05,
9,RELAXO,split,22-11-2013,0.2,https://www.moneycontrol.com/stocks/company_info/pricechart.php?sc_did=RF07,
10,GODREJPROP,split,21-11-2013,0.5,https://www.moneycontrol.com/stocks/company_info/pricechart.php?sc_did=GP11,
16,ASHIANA,split,24-10-2013,0.2,https://www.moneycontrol.com/stocks/company_info/pricechart.php?sc_did=AH07,
18,FEDERALBNK,split,17-10-2013,0.2,https://www.moneycontrol.com/stocks/company_info/pricechart.php?sc_did=FB,
26,MAYURUNIQ,split,25-09-2013,0.5,https://www.moneycontrol.com/stocks/company_info/pricechart.php?sc_did=MU,
28,ASTRAL,split,05-09-2013,0.4,https://www.moneycontrol.com/stocks/company_info/pricechart.php?sc_did=APT02,
30,CCL,split,19-08-2013,0.2,https://www.moneycontrol.com/stocks/company_info/pricechart.php?sc_did=CC10,
32,APCOTEXIND,split,14-08-2013,0.5,https://www.moneycontrol.com/stocks/company_info/pricechart.php?sc_did=AI58,
33,NTL,split,07-08-2013,10.0,https://www.moneycontrol.com/stocks/company_info/pricechart.php?sc_did=ST18,
34,NTL,split,07-08-2013,10.0,https://www.moneycontrol.com/stocks/company_info/pricechart.php?sc_did=ST18,
35,ASIANPAINT,split,30-07-2013,0.1,https://www.moneycontrol.com/stocks/company_info/pricechart.php?sc_did=AP31,
38,ADVANTA,split,05-07-2013,0.2,https://www.moneycontrol.com/stocks/company_info/pricechart.php?sc_did=AI39,
39,CENTRUM,split,03-07-2013,0.1,https://www.moneycontrol.com/stocks/company_info/pricechart.php?sc_did=CF09,
40,ASHOKA,split,03-07-2013,0.5,https://www.moneycontrol.com/stocks/company_info/pricechart.php?sc_did=AB,
41,WESTLIFE,split,12-06-2013,0.2,https://www.moneycontrol.com/stocks/company_info/pricechart.php?sc_did=DIC,
49,PIIND,split,12-04-2013,0.2,https://www.moneycontrol.com/stocks/company_info/pricechart.php?sc_did=PII,
50,SPYL,split,10-04-2013,0.1,https://www.moneycontrol.com/stocks/company_info/pricechart.php?sc_did=SP09,
54,BILENERGY,split,26-03-2013,0.1,https://www.moneycontrol.com/stocks/company_info/pricechart.php?sc_did=BES01,
55,RASOYPR,split,21-03-2013,0.2,https://www.moneycontrol.com/stocks/company_info/pricechart.php?sc_did=RP22,
58,RAJRAYON,split,04-03-2013,0.1,https://www.moneycontrol.com/stocks/company_info/pricechart.php?sc_did=RR01,
59,VKSPL,split,27-02-2013,0.1,https://www.moneycontrol.com/stocks/company_info/pricechart.php?sc_did=VP,
60,M&MFIN,split,15-02-2013,0.2,https://www.moneycontrol.com/stocks/company_info/pricechart.php?sc_did=MMF04,
65,20MICRONS,split,28-01-2013,0.5,https://www.moneycontrol.com/stocks/company_info/pricechart.php?sc_did=2M,
69,VISESHINFO,split,03-01-2013,0.1,https://www.moneycontrol.com/stocks/company_info/pricechart.php?sc_did=VI15,
0,CABOTINDIA,split,10-12-1996,0.1,https://www.moneycontrol.com/stocks/company_info/pricechart.php?sc_did=CI21,
2,PERMAGNET,split,16-05-1996,0.1,https://www.moneycontrol.com/stocks/company_info/pricechart.php?sc_did=PM01,
3,IITL,split,09-04-1996,0.1,https://www.moneycontrol.com/stocks/company_info/pricechart.php?sc_did=IIT01,
5,LFIC,split,01-01-1996,0.1,https://www.moneycontrol.com/stocks/company_info/pricechart.php?sc_did=LFI01,
0,GULPOLY,split,27-12-2016,0.2,https://www.moneycontrol.com/stocks/company_info/pricechart.php?sc_did=GP9,
3,ALANKIT,split,15-12-2016,0.5,https://www.moneycontrol.com/stocks/company_info/pricechart.php?sc_did=EGJ,
4,KNRCON,split,13-12-2016,0.2,https://www.moneycontrol.com/stocks/company_info/pricechart.php?sc_did=KC13,
7,SUNILHITEC,split,01-12-2016,0.1,https://www.moneycontrol.com/stocks/company_info/pricechart.php?sc_did=SHE,
8,NIYATILEAS,split,29-11-2016,10.0,https://www.moneycontrol.com/stocks/company_info/pricechart.php?sc_did=NI08,
10,KPRMILL,split,29-11-2016,0.5,https://www.moneycontrol.com/stocks/company_info/pricechart.php?sc_did=M15,
11,CGCL,split,23-11-2016,0.2,https://www.moneycontrol.com/stocks/company_info/pricechart.php?sc_did=MMF05,
12,KARURVYSYA,split,17-11-2016,0.2,https://www.moneycontrol.com/stocks/company_info/pricechart.php?sc_did=KVB,
13,ICIL,split,11-11-2016,0.2,https://www.moneycontrol.com/stocks/company_info/pricechart.php?sc_did=ICI07,
17,BHAGERIA,split,26-10-2016,0.5,https://www.moneycontrol.com/stocks/company_info/pricechart.php?sc_did=BD02,
20,VIJIFIN,split,25-10-2016,0.1,https://www.moneycontrol.com/stocks/company_info/pricechart.php?sc_did=VF08,
23,CAPLIPOINT,split,19-10-2016,0.2,https://www.moneycontrol.com/stocks/company_info/pricechart.php?sc_did=CPL,
26,GAL,split,13-10-2016,0.1,https://www.moneycontrol.com/stocks/company_info/pricechart.php?sc_did=GA01,
27,8KMILES,split,10-10-2016,0.5,https://www.moneycontrol.com/stocks/company_info/pricechart.php?sc_did=PMS01,
29,GRASIM,split,06-10-2016,0.2,https://www.moneycontrol.com/stocks/company_info/pricechart.php?sc_did=GI01,
31,KAJARIACER,split,04-10-2016,0.5,https://www.moneycontrol.com/stocks/company_info/pricechart.php?sc_did=KC06,
32,ROLLT,split,22-09-2016,0.5,https://www.moneycontrol.com/stocks/company_info/pricechart.php?sc_did=R05,
33,JMTAUTOLTD,split,21-09-2016,0.5,https://www.moneycontrol.com/stocks/company_info/pricechart.php?sc_did=JMT02,
34,MINDAIND,split,12-09-2016,0.2,https://www.moneycontrol.com/stocks/company_info/pricechart.php?sc_did=MI4,
35,TRENT,split,12-09-2016,0.1,https://www.moneycontrol.com/stocks/company_info/pricechart.php?sc_did=T04,
37,BAJFINANCE,split,08-09-2016,0.2,https://www.moneycontrol.com/stocks/company_info/pricechart.php?sc_did=BAF,
40,VGUARD,split,30-08-2016,0.1,https://www.moneycontrol.com/stocks/company_info/pricechart.php?sc_did=VI02,
41,PILITA,split,24-08-2016,0.25,https://www.moneycontrol.com/stocks/company_info/pricechart.php?sc_did=PI08,
42,PNCINFRA,split,12-08-2016,0.2,https://www.moneycontrol.com/stocks/company_info/pricechart.php?sc_did=PI26,
43,KTIL,split,11-08-2016,0.5,https://www.moneycontrol.com/stocks/company_info/pricechart.php?sc_did=KTI04,
45,LLOYDMETAL,split,26-07-2016,0.5,https://www.moneycontrol.com/stocks/company_info/pricechart.php?sc_did=LME,
46,SOLARINDS,split,13-07-2016,0.2,https://www.moneycontrol.com/stocks/company_info/pricechart.php?sc_did=SII04,
47,LUXIND,split,06-06-2016,0.2,https://www.moneycontrol.com/stocks/company_info/pricechart.php?sc_did=LHI,
48,NBCC,split,02-06-2016,0.2,https://www.moneycontrol.com/stocks/company_info/pricechart.php?sc_did=NBC01,
52,PALREDTEC,split,26-04-2016,2.0,https://www.moneycontrol.com/stocks/company_info/pricechart.php?sc_did=FS05,
54,VIVIMEDLAB,split,06-04-2016,0.2,https://www.moneycontrol.com/stocks/company_info/pricechart.php?sc_did=VL07,
57,UVSL,split,28-03-2016,0.2,https://www.moneycontrol.com/stocks/company_info/pricechart.php?sc_did=LSI,
61,PRECWIRE,split,21-03-2016,0.5,https://www.moneycontrol.com/stocks/company_info/pricechart.php?sc_did=PWI,
62,WELSPUNIND,split,21-03-2016,0.1,https://www.moneycontrol.com/stocks/company_info/pricechart.php?sc_did=WI03,
63,TIDEWATER,split,16-03-2016,0.5,https://www.moneycontrol.com/stocks/company_info/pricechart.php?sc_did=TWO,
64,RAMASTEEL,split,14-03-2016,0.5,https://www.moneycontrol.com/stocks/company_info/pricechart.php?sc_did=RST,
65,PRAKASHSTL,split,03-03-2016,0.1,https://www.moneycontrol.com/stocks/company_info/pricechart.php?sc_did=PS16,
66,BHANDARI,split,25-02-2016,0.1,https://www.moneycontrol.com/stocks/company_info/pricechart.php?sc_did=BHE02,
67,SEQUENT,split,25-02-2016,0.2,https://www.moneycontrol.com/stocks/company_info/pricechart.php?sc_did=PID01,
69,MOLDTECH,split,17-02-2016,0.2,https://www.moneycontrol.com/stocks/company_info/pricechart.php?sc_did=MTT01,
70,MOLDTKPAC,split,17-02-2016,0.5,https://www.moneycontrol.com/stocks/company_info/pricechart.php?sc_did=MTP01,
74,STAMPEDE,split,07-01-2016,0.1,https://www.moneycontrol.com/stocks/company_info/pricechart.php?sc_did=BS11,
75,GREENPLY,split,06-01-2016,0.2,https://www.moneycontrol.com/stocks/company_info/pricechart.php?sc_did=GI19,
3,MMWL,split,15-11-2002,0.1,https://www.moneycontrol.com/stocks/company_info/pricechart.php?sc_did=MM06,
4,JUBILANT,split,12-11-2002,0.5,https://www.moneycontrol.com/stocks/company_info/pricechart.php?sc_did=JO03,
5,GUFICBIO,split,29-10-2002,0.1,https://www.moneycontrol.com/stocks/company_info/pricechart.php?sc_did=GB04,
6,MOTHERSUMI,split,22-10-2002,0.5,https://www.moneycontrol.com/stocks/company_info/pricechart.php?sc_did=MSS01,
8,ASAHIINDIA,split,08-10-2002,0.1,https://www.moneycontrol.com/stocks/company_info/pricechart.php?sc_did=AIG01,
11,BALAJITELE,split,23-09-2002,0.2,https://www.moneycontrol.com/stocks/company_info/pricechart.php?sc_did=BT06,
12,ARVINDREM,split,23-09-2002,0.1,https://www.moneycontrol.com/stocks/company_info/pricechart.php?sc_did=AR06,
13,DSSL,split,19-09-2002,0.2,https://www.moneycontrol.com/stocks/company_info/pricechart.php?sc_did=DSS01,
16,JUMPNET,split,24-07-2002,0.5,https://www.moneycontrol.com/stocks/company_info/pricechart.php?sc_did=CG02,
18,SANWARIA,split,11-06-2002,0.5,https://www.moneycontrol.com/stocks/company_info/pricechart.php?sc_did=SAO,
19,PTL,split,27-05-2002,0.1,https://www.moneycontrol.com/stocks/company_info/pricechart.php?sc_did=PTL06,
20,FDC,split,14-05-2002,0.1,https://www.moneycontrol.com/stocks/company_info/pricechart.php?sc_did=FDC,
23,PANORAMUNI,split,13-03-2002,0.5,https://www.moneycontrol.com/stocks/company_info/pricechart.php?sc_did=PU,
24,SMARTLINK,split,28-02-2002,0.2,https://www.moneycontrol.com/stocks/company_info/pricechart.php?sc_did=SNS01,
25,BLUECHIP,split,28-02-2002,0.2,https://www.moneycontrol.com/stocks/company_info/pricechart.php?sc_did=BCI02,
26,GFL,split,20-02-2002,0.1,https://www.moneycontrol.com/stocks/company_info/pricechart.php?sc_did=WC02,
30,STERLINBIO,split,07-01-2002,0.2,https://www.moneycontrol.com/stocks/company_info/pricechart.php?sc_did=SB11,
31,SOUNDCRAFT,split,07-01-2002,0.2,https://www.moneycontrol.com/stocks/company_info/pricechart.php?sc_did=SI32,
0,KEC,split,30-12-2010,0.2,https://www.moneycontrol.com/stocks/company_info/pricechart.php?sc_did=KEC04,
1,LICHSGFIN,split,30-12-2010,0.2,https://www.moneycontrol.com/stocks/company_info/pricechart.php?sc_did=LIC,
3,COROMANDEL,split,23-12-2010,0.5,https://www.moneycontrol.com/stocks/company_info/pricechart.php?sc_did=CI45,
4,SURYAPHARM,split,23-12-2010,0.1,https://www.moneycontrol.com/stocks/company_info/pricechart.php?sc_did=SP34,
5,EIDPARRY,split,23-12-2010,0.5,https://www.moneycontrol.com/stocks/company_info/pricechart.php?sc_did=EID,
6,BALKRISIND,split,20-12-2010,0.2,https://www.moneycontrol.com/stocks/company_info/pricechart.php?sc_did=BI03,
9,SADBHAV,split,07-12-2010,0.1,https://www.moneycontrol.com/stocks/company_info/pricechart.php?sc_did=SE19,
10,SUNPHARMA,split,25-11-2010,0.2,https://www.moneycontrol.com/stocks/company_info/pricechart.php?sc_did=SPI,
11,GREAVESCOT,split,24-11-2010,0.2,https://www.moneycontrol.com/stocks/company_info/pricechart.php?sc_did=GC20,
12,BALAMINES,split,18-11-2010,0.2,https://www.moneycontrol.com/stocks/company_info/pricechart.php?sc_did=BA05,
13,MVL,split,16-11-2010,0.5,https://www.moneycontrol.com/stocks/company_info/pricechart.php?sc_did=MVL01,
14,SOMANYCERA,split,11-11-2010,0.2,https://www.moneycontrol.com/stocks/company_info/pricechart.php?sc_did=SC49,
15,ORIENTHOT,split,10-11-2010,0.1,https://www.moneycontrol.com/stocks/company_info/pricechart.php?sc_did=OH,
16,JVLAGRO,split,09-11-2010,0.1,https://www.moneycontrol.com/stocks/company_info/pricechart.php?sc_did=JVL01,
17,STANDRDBAT,split,09-11-2010,1.0,https://www.moneycontrol.com/stocks/company_info/pricechart.php?sc_did=SB07,
18,HSCL,split,08-11-2010,0.1,https://www.moneycontrol.com/stocks/company_info/pricechart.php?sc_did=HCI01,
20,ATLANTA,split,08-11-2010,0.2,https://www.moneycontrol.com/stocks/company_info/pricechart.php?sc_did=A9,
22,NITINFIRE,split,04-11-2010,0.2,https://www.moneycontrol.com/stocks/company_info/pricechart.php?sc_did=NFP01,
25,ARCHIES,split,02-11-2010,0.2,https://www.moneycontrol.com/stocks/company_info/pricechart.php?sc_did=A15,
26,JISLDVREQS,split,29-10-2010,0.2,https://www.moneycontrol.com/stocks/company_info/pricechart.php?sc_did=JISLD57000,
27,PFOCUS,split,29-10-2010,0.1,https://www.moneycontrol.com/stocks/company_info/pricechart.php?sc_did=PF13,
29,JISLJALEQS,split,29-10-2010,0.2,https://www.moneycontrol.com/stocks/company_info/pricechart.php?sc_did=JIS02,
30,PAISALO,split,29-10-2010,0.5,https://www.moneycontrol.com/stocks/company_info/pricechart.php?sc_did=SEI03,
31,SINTEX,split,27-10-2010,0.5,https://www.moneycontrol.com/stocks/company_info/pricechart.php?sc_did=SI27,
32,GENUSPOWER,split,22-10-2010,0.1,https://www.moneycontrol.com/stocks/company_info/pricechart.php?sc_did=GPI08,
33,SEZAL,split,21-10-2010,0.1,https://www.moneycontrol.com/stocks/company_info/pricechart.php?sc_did=SAG,
34,UNICHEMLAB,split,21-10-2010,0.4,https://www.moneycontrol.com/stocks/company_info/pricechart.php?sc_did=UL02,
35,PARSVNATH,split,18-10-2010,0.5,https://www.moneycontrol.com/stocks/company_info/pricechart.php?sc_did=PD05,
36,SUPREMEIND,split,18-10-2010,0.2,https://www.moneycontrol.com/stocks/company_info/pricechart.php?sc_did=SI48,
38,RESPONIND,split,08-10-2010,0.1,https://www.moneycontrol.com/stocks/company_info/pricechart.php?sc_did=SH10,
42,AQUA,split,01-10-2010,0.1,https://www.moneycontrol.com/stocks/company_info/pricechart.php?sc_did=AL14,
43,BLKASHYAP,split,29-09-2010,0.2,https://www.moneycontrol.com/stocks/company_info/pricechart.php?sc_did=BLK,
45,NCOPPER,split,27-09-2010,0.1,https://www.moneycontrol.com/stocks/company_info/pricechart.php?sc_did=NC9,
46,DBSTOCKBRO,split,24-09-2010,0.2,https://www.moneycontrol.com/stocks/company_info/pricechart.php?sc_did=DBI,
48,ADANIPORTS,split,23-09-2010,0.2,https://www.moneycontrol.com/stocks/company_info/pricechart.php?sc_did=MPS,
52,SOUTHBANK,split,23-09-2010,0.1,https://www.moneycontrol.com/stocks/company_info/pricechart.php?sc_did=SIB,
53,TATASTLBSL,split,21-09-2010,0.2,https://www.moneycontrol.com/stocks/company_info/pricechart.php?sc_did=BS14,
54,ASHCONIUL,split,21-09-2010,10.0,https://www.moneycontrol.com/stocks/company_info/pricechart.php?sc_did=ANI,
55,RMMIL,split,15-09-2010,0.1,https://www.moneycontrol.com/stocks/company_info/pricechart.php?sc_did=RMM01,
56,ASTRAL,split,15-09-2010,0.5,https://www.moneycontrol.com/stocks/company_info/pricechart.php?sc_did=APT02,
57,KOTAKBANK,split,13-09-2010,0.5,https://www.moneycontrol.com/stocks/company_info/pricechart.php?sc_did=KMB,
58,KALPATPOWR,split,08-09-2010,0.2,https://www.moneycontrol.com/stocks/company_info/pricechart.php?sc_did=KPT,
59,BRITANNIA,split,08-09-2010,0.2,https://www.moneycontrol.com/stocks/company_info/pricechart.php?sc_did=BI,
61,APOLLOHOSP,split,02-09-2010,0.5,https://www.moneycontrol.com/stocks/company_info/pricechart.php?sc_did=AHE,
62,KCP,split,02-09-2010,0.1,https://www.moneycontrol.com/stocks/company_info/pricechart.php?sc_did=KCP,
63,DHANUKA,split,02-09-2010,0.2,https://www.moneycontrol.com/stocks/company_info/pricechart.php?sc_did=DA01,
64,INDIANHUME,split,30-08-2010,0.2,https://www.moneycontrol.com/stocks/company_info/pricechart.php?sc_did=IHP,
65,LUPIN,split,27-08-2010,0.2,https://www.moneycontrol.com/stocks/company_info/pricechart.php?sc_did=L,
66,REDINGTON,split,20-08-2010,0.2,https://www.moneycontrol.com/stocks/company_info/pricechart.php?sc_did=RI37,
67,HDFC,split,18-08-2010,0.2,https://www.moneycontrol.com/stocks/company_info/pricechart.php?sc_did=HDF,
69,JAYSREETEA,split,13-08-2010,0.5,https://www.moneycontrol.com/stocks/company_info/pricechart.php?sc_did=JTI,
70,MAGMA,split,13-08-2010,0.2,https://www.moneycontrol.com/stocks/company_info/pricechart.php?sc_did=MF20,
71,RAINBOWPAP,split,11-08-2010,0.2,https://www.moneycontrol.com/stocks/company_info/pricechart.php?sc_did=RP01,
72,EDELWEISS,split,10-08-2010,0.2,https://www.moneycontrol.com/stocks/company_info/pricechart.php?sc_did=EC01,
73,FARMAXIND,split,03-08-2010,0.2,https://www.moneycontrol.com/stocks/company_info/pricechart.php?sc_did=FRI,
74,PRATIBHA,split,30-07-2010,0.2,https://www.moneycontrol.com/stocks/company_info/pricechart.php?sc_did=PI33,
76,MMTC,split,29-07-2010,0.1,https://www.moneycontrol.com/stocks/company_info/pricechart.php?sc_did=MMT,
77,EMAMILTD,split,21-07-2010,0.5,https://www.moneycontrol.com/stocks/company_info/pricechart.php?sc_did=E06,
79,TULIP,split,06-07-2010,0.2,https://www.moneycontrol.com/stocks/company_info/pricechart.php?sc_did=TT13,
81,TATAGLOBAL,split,30-06-2010,0.1,https://www.moneycontrol.com/stocks/company_info/pricechart.php?sc_did=TT,
85,GENESYS,split,23-06-2010,0.5,https://www.moneycontrol.com/stocks/company_info/pricechart.php?sc_did=GIC10,
86,STER,split,21-06-2010,0.5,https://www.moneycontrol.com/stocks/company_info/pricechart.php?sc_did=SII,
87,BODALCHEM,split,10-06-2010,0.2,https://www.moneycontrol.com/stocks/company_info/pricechart.php?sc_did=BC15,
88,KABRAEXTRU,split,17-05-2010,0.5,https://www.moneycontrol.com/stocks/company_info/pricechart.php?sc_did=KET,
89,ENGINERSIN,split,06-05-2010,0.5,https://www.moneycontrol.com/stocks/company_info/pricechart.php?sc_did=EI14,
90,VIPULLTD,split,04-05-2010,0.5,https://www.moneycontrol.com/stocks/company_info/pricechart.php?sc_did=V04,
91,MANAPPURAM,split,03-05-2010,0.2,https://www.moneycontrol.com/stocks/company_info/pricechart.php?sc_did=MGF01,
93,UNITY,split,07-04-2010,0.2,https://www.moneycontrol.com/stocks/company_info/pricechart.php?sc_did=UI17,
94,PAISALO,split,05-04-2010,0.2,https://www.moneycontrol.com/stocks/company_info/pricechart.php?sc_did=SEI03,
95,M&M,split,29-03-2010,0.5,https://www.moneycontrol.com/stocks/company_info/pricechart.php?sc_did=MM,
97,KMSUGAR,split,26-03-2010,0.2,https://www.moneycontrol.com/stocks/company_info/pricechart.php?sc_did=KMS,
98,IPCALAB,split,22-03-2010,0.2,https://www.moneycontrol.com/stocks/company_info/pricechart.php?sc_did=IL,
99,MURLIIND,split,18-03-2010,0.2,https://www.moneycontrol.com/stocks/company_info/pricechart.php?sc_did=MIL15,
100,SUPRAJIT,split,18-03-2010,0.2,https://www.moneycontrol.com/stocks/company_info/pricechart.php?sc_did=SE15,
101,LGBBROSLTD,split,15-03-2010,10.0,https://www.moneycontrol.com/stocks/company_info/pricechart.php?sc_did=LGB,
103,INDIASEC,split,11-03-2010,0.1,https://www.moneycontrol.com/stocks/company_info/pricechart.php?sc_did=IS03,
104,STRTECH,split,09-03-2010,0.4,https://www.moneycontrol.com/stocks/company_info/pricechart.php?sc_did=ST20,
110,ASOCSTONE,split,18-02-2010,0.5,https://www.moneycontrol.com/stocks/company_info/pricechart.php?sc_did=ASI01,
111,KRBL,split,10-02-2010,0.1,https://www.moneycontrol.com/stocks/company_info/pricechart.php?sc_did=KRB01,
112,CCCL,split,10-02-2010,0.2,https://www.moneycontrol.com/stocks/company_info/pricechart.php?sc_did=CCC02,
114,BAJAJELEC,split,28-01-2010,0.2,https://www.moneycontrol.com/stocks/company_info/pricechart.php?sc_did=BE,
115,FARMAXIND,split,27-01-2010,0.5,https://www.moneycontrol.com/stocks/company_info/pricechart.php?sc_did=FRI,
116,NAKODA,split,22-01-2010,0.5,https://www.moneycontrol.com/stocks/company_info/pricechart.php?sc_did=NTI,
117,VIVIDHA,split,21-01-2010,0.1,https://www.moneycontrol.com/stocks/company_info/pricechart.php?sc_did=VP10,
118,WINSOME,split,21-01-2010,0.1,https://www.moneycontrol.com/stocks/company_info/pricechart.php?sc_did=WY,
120,LITL,split,04-01-2010,0.1,https://www.moneycontrol.com/stocks/company_info/pricechart.php?sc_did=LI10,
0,PEL,split,27-12-2004,0.2,https://www.moneycontrol.com/stocks/company_info/pricechart.php?sc_did=PH05,
2,SPMLINFRA,split,19-11-2004,0.2,https://www.moneycontrol.com/stocks/company_info/pricechart.php?sc_did=SPM05,
3,VENLONPOLY,split,27-10-2004,0.5,https://www.moneycontrol.com/stocks/company_info/pricechart.php?sc_did=VPF,
4,PATELENG,split,25-10-2004,0.2,https://www.moneycontrol.com/stocks/company_info/pricechart.php?sc_did=PEC,
5,AMTEKAUTO,split,05-10-2004,0.2,https://www.moneycontrol.com/stocks/company_info/pricechart.php?sc_did=AA01,
7,INDIANHUME,split,24-08-2004,0.1,https://www.moneycontrol.com/stocks/company_info/pricechart.php?sc_did=IHP,
8,JTEKTINDIA,split,24-08-2004,0.2,https://www.moneycontrol.com/stocks/company_info/pricechart.php?sc_did=SKS04,
9,BERGEPAINT,split,24-08-2004,0.2,https://www.moneycontrol.com/stocks/company_info/pricechart.php?sc_did=BPI02,
10,CARBORUNIV,split,16-08-2004,0.2,https://www.moneycontrol.com/stocks/company_info/pricechart.php?sc_did=CU,
11,ADANIENT,split,28-07-2004,0.1,https://www.moneycontrol.com/stocks/company_info/pricechart.php?sc_did=AE13,
12,SHANTIGEAR,split,27-07-2004,0.1,https://www.moneycontrol.com/stocks/company_info/pricechart.php?sc_did=SG04,
13,JAGSNPHARM,split,20-07-2004,0.5,https://www.moneycontrol.com/stocks/company_info/pricechart.php?sc_did=JP02,
14,BOSCHLTD,split,08-07-2004,0.1,https://www.moneycontrol.com/stocks/company_info/pricechart.php?sc_did=B05,
15,ASHOKLEY,split,28-06-2004,0.1,https://www.moneycontrol.com/stocks/company_info/pricechart.php?sc_did=AL,
16,CIPLA,split,11-05-2004,0.2,https://www.moneycontrol.com/stocks/company_info/pricechart.php?sc_did=C,
17,BAJAJHIND,split,28-04-2004,0.1,https://www.moneycontrol.com/stocks/company_info/pricechart.php?sc_did=BH06,
18,WOCKPHARMA,split,28-04-2004,0.5,https://www.moneycontrol.com/stocks/company_info/pricechart.php?sc_did=W05,
19,RADAAN,split,08-04-2004,0.2,https://www.moneycontrol.com/stocks/company_info/pricechart.php?sc_did=RMW,
22,SUPRAJIT,split,16-03-2004,0.5,https://www.moneycontrol.com/stocks/company_info/pricechart.php?sc_did=SE15,
23,MOTHERSUMI,split,16-03-2004,0.2,https://www.moneycontrol.com/stocks/company_info/pricechart.php?sc_did=MSS01,
24,UNICHEMLAB,split,16-03-2004,0.5,https://www.moneycontrol.com/stocks/company_info/pricechart.php?sc_did=UL02,
25,JSL,split,01-03-2004,0.2,https://www.moneycontrol.com/stocks/company_info/pricechart.php?sc_did=JSL01,
26,BEPL,split,16-02-2004,0.1,https://www.moneycontrol.com/stocks/company_info/pricechart.php?sc_did=BEP,
27,EMAMILTD,split,16-02-2004,0.2,https://www.moneycontrol.com/stocks/company_info/pricechart.php?sc_did=E06,
28,HSIL,split,10-02-2004,0.5,https://www.moneycontrol.com/stocks/company_info/pricechart.php?sc_did=HSI02,
29,SUNDRMFAST,split,27-01-2004,0.1,https://www.moneycontrol.com/stocks/company_info/pricechart.php?sc_did=SF23,
30,AFTEK,split,20-01-2004,0.2,https://www.moneycontrol.com/stocks/company_info/pricechart.php?sc_did=A14,
31,SUVEN,split,15-01-2004,0.2,https://www.moneycontrol.com/stocks/company_info/pricechart.php?sc_did=SLS01,
1,NUTEK,split,23-12-2009,0.5,https://www.moneycontrol.com/stocks/company_info/pricechart.php?sc_did=NTI02,
3,KANANIIND,split,22-12-2009,0.5,https://www.moneycontrol.com/stocks/company_info/pricechart.php?sc_did=KI26,
4,JKLAKSHMI,split,17-12-2009,0.5,https://www.moneycontrol.com/stocks/company_info/pricechart.php?sc_did=JKL01,
7,KWALITY,split,10-12-2009,0.1,https://www.moneycontrol.com/stocks/company_info/pricechart.php?sc_did=KDI01,
8,JINDALSAW,split,10-12-2009,0.2,https://www.moneycontrol.com/stocks/company_info/pricechart.php?sc_did=JS08,
10,ASHCONIUL,split,08-12-2009,0.1,https://www.moneycontrol.com/stocks/company_info/pricechart.php?sc_did=ANI,
13,HBLPOWER,split,24-11-2009,0.1,https://www.moneycontrol.com/stocks/company_info/pricechart.php?sc_did=HBL02,
14,ALLCARGO,split,19-11-2009,0.2,https://www.moneycontrol.com/stocks/company_info/pricechart.php?sc_did=AGL02,
16,HINDNATGLS,split,12-11-2009,0.2,https://www.moneycontrol.com/stocks/company_info/pricechart.php?sc_did=HNG01,
17,ADSL,split,11-11-2009,0.5,https://www.moneycontrol.com/stocks/company_info/pricechart.php?sc_did=ADS01,
18,MADHUCON,split,05-11-2009,0.5,https://www.moneycontrol.com/stocks/company_info/pricechart.php?sc_did=MP16,
20,VINATIORGA,split,30-10-2009,0.2,https://www.moneycontrol.com/stocks/company_info/pricechart.php?sc_did=VO01,
24,EDUCOMP,split,27-10-2009,0.2,https://www.moneycontrol.com/stocks/company_info/pricechart.php?sc_did=ES8,
25,GAMMNINFRA,split,26-10-2009,0.2,https://www.moneycontrol.com/stocks/company_info/pricechart.php?sc_did=GIP01,
26,REISIXTEN,split,26-10-2009,0.2,https://www.moneycontrol.com/stocks/company_info/pricechart.php?sc_did=REI04,
27,BIRLACOT,split,23-10-2009,0.1,https://www.moneycontrol.com/stocks/company_info/pricechart.php?sc_did=BCI03,
28,FCSSOFT,split,15-10-2009,0.1,https://www.moneycontrol.com/stocks/company_info/pricechart.php?sc_did=FCS,
32,GOKUL,split,14-10-2009,0.2,https://www.moneycontrol.com/stocks/company_info/pricechart.php?sc_did=GRS,
33,SUNTECK,split,09-10-2009,0.2,https://www.moneycontrol.com/stocks/company_info/pricechart.php?sc_did=SR05,
35,MENONBE,split,08-10-2009,0.5,https://www.moneycontrol.com/stocks/company_info/pricechart.php?sc_did=MB01,
36,GMRINFRA,split,01-10-2009,0.5,https://www.moneycontrol.com/stocks/company_info/pricechart.php?sc_did=GI27,
37,SKSIND,split,25-09-2009,5.0,https://www.moneycontrol.com/stocks/company_info/pricechart.php?sc_did=SKS01,
38,FALCONTYRE,split,25-09-2009,0.5,https://www.moneycontrol.com/stocks/company_info/pricechart.php?sc_did=FT,
39,ARCOTECH,split,25-09-2009,5.0,https://www.moneycontrol.com/stocks/company_info/pricechart.php?sc_did=A17,
41,MVL,split,18-09-2009,0.2,https://www.moneycontrol.com/stocks/company_info/pricechart.php?sc_did=MVL01,
43,IVC,split,16-09-2009,0.2,https://www.moneycontrol.com/stocks/company_info/pricechart.php?sc_did=ILF02,
44,RAMCOIND,split,14-09-2009,0.1,https://www.moneycontrol.com/stocks/company_info/pricechart.php?sc_did=RI26,
49,SHREEASHTA,split,20-08-2009,0.1,https://www.moneycontrol.com/stocks/company_info/pricechart.php?sc_did=SAC03,
51,AUSTRAL,split,07-08-2009,0.1,https://www.moneycontrol.com/stocks/company_info/pricechart.php?sc_did=ACP02,
55,BHARTIARTL,split,24-07-2009,0.5,https://www.moneycontrol.com/stocks/company_info/pricechart.php?sc_did=BA08,
58,GOODLUCK,split,12-06-2009,0.2,https://www.moneycontrol.com/stocks/company_info/pricechart.php?sc_did=GLS,
61,BIRLAPOWER,split,24-04-2009,0.1,https://www.moneycontrol.com/stocks/company_info/pricechart.php?sc_did=BPS01,
62,AMJLAND,split,23-03-2009,0.2,https://www.moneycontrol.com/stocks/company_info/pricechart.php?sc_did=PPP,
63,LINCOLN,split,19-03-2009,5.0,https://www.moneycontrol.com/stocks/company_info/pricechart.php?sc_did=LP06,
65,CORAL-HUB,split,27-02-2009,0.1,https://www.moneycontrol.com/stocks/company_info/pricechart.php?sc_did=VIT02,
67,REIAGROLTD,split,05-02-2009,0.1,https://www.moneycontrol.com/stocks/company_info/pricechart.php?sc_did=RA06,
68,SPECTACLE,split,23-01-2009,0.1,https://www.moneycontrol.com/stocks/company_info/pricechart.php?sc_did=SI92,
70,MYSOREBANK,split,07-01-2009,0.1,https://www.moneycontrol.com/stocks/company_info/pricechart.php?sc_did=SBM,
71,TEXINFRA,split,01-01-2009,0.1,https://www.moneycontrol.com/stocks/company_info/pricechart.php?sc_did=T02,
0,SHREDIGCEM,split,24-11-1995,0.1,https://www.moneycontrol.com/stocks/company_info/pricechart.php?sc_did=SDC,
1,BBTC,split,16-11-1995,0.1,https://www.moneycontrol.com/stocks/company_info/pricechart.php?sc_did=BBT,
2,WSTCSTPAPR,split,18-07-1995,0.1,https://www.moneycontrol.com/stocks/company_info/pricechart.php?sc_did=WCP,
4,TATAHYDRO,split,23-05-1995,0.1,https://www.moneycontrol.com/stocks/company_info/pricechart.php?sc_did=THE,
5,ANDRAVALLY,split,23-05-1995,0.1,https://www.moneycontrol.com/stocks/company_info/pricechart.php?sc_did=AVP,
6,TATAPOWER,split,22-05-1995,0.1,https://www.moneycontrol.com/stocks/company_info/pricechart.php?sc_did=TPC,
8,NOCIL,split,10-03-1995,0.1,https://www.moneycontrol.com/stocks/company_info/pricechart.php?sc_did=NOC02,
10,BAJAJELEC,split,20-01-1995,0.1,https://www.moneycontrol.com/stocks/company_info/pricechart.php?sc_did=BE,
0,HAVELLS,split,30-12-2003,0.5,https://www.moneycontrol.com/stocks/company_info/pricechart.php?sc_did=HI01,
1,JINDALSTEL,split,22-12-2003,0.5,https://www.moneycontrol.com/stocks/company_info/pricechart.php?sc_did=JSP,
3,TVSMOTOR,split,18-12-2003,0.1,https://www.moneycontrol.com/stocks/company_info/pricechart.php?sc_did=TVS,
4,MIRCELECTR,split,16-12-2003,0.1,https://www.moneycontrol.com/stocks/company_info/pricechart.php?sc_did=ME,
6,LGBBROSLTD,split,09-12-2003,0.1,https://www.moneycontrol.com/stocks/company_info/pricechart.php?sc_did=LGB,
7,NESCO,split,04-12-2003,0.1,https://www.moneycontrol.com/stocks/company_info/pricechart.php?sc_did=NES,
9,BAYERCROP,split,24-11-2003,0.1,https://www.moneycontrol.com/stocks/company_info/pricechart.php?sc_did=BC12,
13,RAMCOCEM,split,06-11-2003,0.1,https://www.moneycontrol.com/stocks/company_info/pricechart.php?sc_did=MC,
14,AUROPHARMA,split,23-10-2003,0.5,https://www.moneycontrol.com/stocks/company_info/pricechart.php?sc_did=AP,
15,GLENMARK,split,23-10-2003,0.2,https://www.moneycontrol.com/stocks/company_info/pricechart.php?sc_did=GP08,
23,PANACEABIO,split,03-02-2003,0.1,https://www.moneycontrol.com/stocks/company_info/pricechart.php?sc_did=PB02,
26,MAFATLAIND,split,22-01-2003,0.1,https://www.moneycontrol.com/stocks/company_info/pricechart.php?sc_did=MI02,
28,SUNPHARMA,split,13-01-2003,0.5,https://www.moneycontrol.com/stocks/company_info/pricechart.php?sc_did=SPI,
0,JINDWORLD,split,26-12-2017,0.5,https://www.moneycontrol.com/india/stockpricequote/trading/jindalworldwide/JW01,
7,IGL,split,09-11-2017,0.2,https://www.moneycontrol.com/india/stockpricequote/oildrillingandexploration/indraprasthagas/IG04,
9,ATLASCYCLE,split,30-10-2017,0.5,https://www.moneycontrol.com/india/stockpricequote/miscellaneous/atlascycleindustries/ACI08,
11,SIYSIL,split,25-10-2017,0.2,https://www.moneycontrol.com/india/stockpricequote/textilesweaving/siyaramsilkmills/SSM05,
12,VISHAL,split,24-10-2017,0.5,https://www.moneycontrol.com/india/stockpricequote/textilesweaving/siyaramsilkmills/VF01,
14,POKARNA,split,18-10-2017,0.2,https://www.moneycontrol.com/india/stockpricequote/ceramicsgranite/pokarnalimited/PL06,
16,CANFINHOME,split,12-10-2017,0.2,https://www.moneycontrol.com/india/stockpricequote/financehousing/canfinhomes/CFH,
17,HERITGFOOD,split,10-10-2017,0.5,https://www.moneycontrol.com/india/stockpricequote/foodprocessing/heritagefoodsindia/HFI,
18,JAMNAAUTO,split,05-10-2017,0.2,https://www.moneycontrol.com/india/stockpricequote/autoancillaries/jamnaautoindustries/JAI,
21,TRIL,split,28-09-2017,0.1,https://www.moneycontrol.com/india/stockpricequote/powertransmissionequipment/transformersrectifiersindia/TRI,
23,ELPROINTL,split,27-09-2017,0.5,https://www.moneycontrol.com/india/stockpricequote/electricequipment/elprointernational/EI03,
24,SUTLEJTEX,split,26-09-2017,0.1,https://www.moneycontrol.com/india/stockpricequote/textilesgeneral/sutlejtextilesindustries/STI9,
25,SAFARI,split,22-09-2017,0.2,https://www.moneycontrol.com/india/stockpricequote/plastics/safariindustriesindia/SII01,
26,YESBANK,split,21-09-2017,0.2,https://www.moneycontrol.com/india/stockpricequote/banksprivatesector/yesbank/YB,
27,NESCO,split,15-09-2017,0.2,https://www.moneycontrol.com/india/stockpricequote/diversified/nesco/NES,
28,BOROSIL,split,14-09-2017,0.1,https://www.moneycontrol.com/india/stockpricequote/glassglassproducts/borosilglassworks/BGW,
29,DECCANCE,split,11-09-2017,0.5,https://www.moneycontrol.com/india/stockpricequote/cementmini/deccancements/DC,
30,INFIBEAM,split,31-08-2017,0.1,https://www.moneycontrol.com/india/stockpricequote/cementmini/deccancements/IIL03,
31,DOLLAR,split,31-08-2017,0.2,https://www.moneycontrol.com/india/stockpricequote/cementmini/deccancements/DI29,
35,DWARKESH,split,10-08-2017,0.1,https://www.moneycontrol.com/india/stockpricequote/sugar/dwarikeshsugarindustries/DSI01,
36,CORALFINAC,split,03-08-2017,0.2,https://www.moneycontrol.com/india/stockpricequote/financehousing/coralindiafinancehousing/CIF02,
38,SUNTECK,split,25-07-2017,0.5,https://www.moneycontrol.com/india/stockpricequote/constructioncontractingrealestate/sunteckrealty/SR05,
39,NAVINFLUOR,split,19-07-2017,0.2,https://www.moneycontrol.com/india/stockpricequote/chemicals/navinfluorineinternational/NFI,
40,SKSIND,split,22-06-2017,0.2,https://www.moneycontrol.com/india/stockpricequote/metalsnonferrous/sks/SKS01,
41,ARCOTECH,split,22-06-2017,0.2,https://www.moneycontrol.com/india/stockpricequote/miscellaneous/arcotech/A17,
42,HINDCOMPOS,split,25-05-2017,0.5,https://www.moneycontrol.com/india/stockpricequote/autoancillaries/hindustancomposites/HC06,
43,ADVENZYMES,split,25-05-2017,0.2,https://www.moneycontrol.com/india/stockpricequote/autoancillaries/hindustancomposites/AET,
47,BEARDSELL,split,04-05-2017,0.2,https://www.moneycontrol.com/india/stockpricequote/miscellaneous/beardsell/B06,
49,BLS,split,26-04-2017,0.1,https://www.moneycontrol.com/india/stockpricequote/miscellaneous/beardsell/BLS,
55,BEL,split,16-03-2017,0.1,https://www.moneycontrol.com/india/stockpricequote/electricals/bharatelectronics/BE03,
61,COMPINFO,split,16-02-2017,0.2,https://www.moneycontrol.com/india/stockpricequote/computershardware/compuageinfocom/CI29,
62,GAYAPROJ,split,10-02-2017,0.2,https://www.moneycontrol.com/india/stockpricequote/infrastructuregeneral/gayatriprojects/GP10,
63,DAAWAT,split,07-02-2017,0.1,https://www.moneycontrol.com/india/stockpricequote/miscellaneous/ltfoods/LTF,
67,USHDEVINT,split,30-01-2017,0.1,https://www.moneycontrol.com/india/stockpricequote/trading/ushdevinternational/UI11,
69,STERTOOLS,split,09-01-2017,0.2,https://www.moneycontrol.com/india/stockpricequote/fasteners/sterlingtools/ST,
70,JSWSTEEL,split,04-01-2017,0.1,https://www.moneycontrol.com/india/stockpricequote/steellarge/jswsteel/JSW01,
0,GABRIEL,split,30-12-2005,0.1,https://www.moneycontrol.com/stocks/company_info/pricechart.php?sc_did=GI02,
1,HSIL,split,30-12-2005,0.4,https://www.moneycontrol.com/stocks/company_info/pricechart.php?sc_did=HSI02,
2,SABTN,split,30-12-2005,0.2,https://www.moneycontrol.com/stocks/company_info/pricechart.php?sc_did=SAB,
7,PHOENIXLTD,split,09-12-2005,0.1,https://www.moneycontrol.com/stocks/company_info/pricechart.php?sc_did=PM02,
8,MADHUCON,split,02-12-2005,0.2,https://www.moneycontrol.com/stocks/company_info/pricechart.php?sc_did=MP16,
10,BELLARYSTL,split,02-12-2005,0.1,https://www.moneycontrol.com/stocks/company_info/pricechart.php?sc_did=BSA01,
12,SUNDARAM,split,09-11-2005,0.1,https://www.moneycontrol.com/stocks/company_info/pricechart.php?sc_did=SMP02,
13,HCC,split,08-11-2005,0.1,https://www.moneycontrol.com/stocks/company_info/pricechart.php?sc_did=HCC,
14,VIDHIING,split,08-11-2005,0.1,https://www.moneycontrol.com/stocks/company_info/pricechart.php?sc_did=VDM,
15,KITEX,split,07-11-2005,0.1,https://www.moneycontrol.com/stocks/company_info/pricechart.php?sc_did=KG01,
17,CRANESSOFT,split,02-11-2005,0.2,https://www.moneycontrol.com/stocks/company_info/pricechart.php?sc_did=CSI01,
18,NDL,split,02-11-2005,0.1,https://www.moneycontrol.com/stocks/company_info/pricechart.php?sc_did=NE06,
24,ASSAMCO,split,28-10-2005,0.1,https://www.moneycontrol.com/stocks/company_info/pricechart.php?sc_did=AC12,
25,KARUNACAB,split,27-10-2005,0.2,https://www.moneycontrol.com/stocks/company_info/pricechart.php?sc_did=KC05,
26,DALMIASUG,split,27-10-2005,0.2,https://www.moneycontrol.com/stocks/company_info/pricechart.php?sc_did=DCB,
31,PARASPETRO,split,26-10-2005,0.1,https://www.moneycontrol.com/stocks/company_info/pricechart.php?sc_did=PP05,
34,ALCHEM,split,26-10-2005,0.1,https://www.moneycontrol.com/stocks/company_info/pricechart.php?sc_did=A12,
37,CONFIPET,split,24-10-2005,0.1,https://www.moneycontrol.com/stocks/company_info/pricechart.php?sc_did=CP10,
38,GANGOTRI,split,24-10-2005,0.5,https://www.moneycontrol.com/stocks/company_info/pricechart.php?sc_did=GT,
40,DPC02,split,21-10-2005,0.2,https://www.moneycontrol.com/stocks/company_info/pricechart.php?sc_did=DPC02,
42,KAJARIACER,split,19-10-2005,0.2,https://www.moneycontrol.com/stocks/company_info/pricechart.php?sc_did=KC06,
43,STRAUSIND,split,18-10-2005,0.1,https://www.moneycontrol.com/stocks/company_info/pricechart.php?sc_did=SIE01,
44,HIMATSEIDE,split,14-10-2005,0.5,https://www.moneycontrol.com/stocks/company_info/pricechart.php?sc_did=HS,
46,ULTRMARINE,split,10-10-2005,0.2,https://www.moneycontrol.com/stocks/company_info/pricechart.php?sc_did=UP02,
47,SINTEX,split,10-10-2005,0.2,https://www.moneycontrol.com/stocks/company_info/pricechart.php?sc_did=SI27,
48,TAJGVK,split,10-10-2005,0.2,https://www.moneycontrol.com/stocks/company_info/pricechart.php?sc_did=TGV,
49,GFLLIMITED,split,10-10-2005,0.2,https://www.moneycontrol.com/stocks/company_info/pricechart.php?sc_did=GF07,
50,DCMSHRIRAM,split,07-10-2005,0.2,https://www.moneycontrol.com/stocks/company_info/pricechart.php?sc_did=DCM02,
52,ASTRAMICRO,split,07-10-2005,0.2,https://www.moneycontrol.com/stocks/company_info/pricechart.php?sc_did=AMP01,
55,MANUGRAPH,split,03-10-2005,0.2,https://www.moneycontrol.com/stocks/company_info/pricechart.php?sc_did=MI08,
56,NIYATILEAS,split,28-09-2005,0.1,https://www.moneycontrol.com/stocks/company_info/pricechart.php?sc_did=NI08,
58,UPL,split,27-09-2005,0.2,https://www.moneycontrol.com/stocks/company_info/pricechart.php?sc_did=UP04,
59,SAMBHAAV,split,26-09-2005,0.1,https://www.moneycontrol.com/stocks/company_info/pricechart.php?sc_did=SM16,
60,NILAINFRA,split,26-09-2005,0.1,https://www.moneycontrol.com/stocks/company_info/pricechart.php?sc_did=NHI,
61,JAYBARMARU,split,23-09-2005,0.5,https://www.moneycontrol.com/stocks/company_info/pricechart.php?sc_did=JBM,
62,SHRENUJ,split,23-09-2005,0.2,https://www.moneycontrol.com/stocks/company_info/pricechart.php?sc_did=SC13,
63,ITC,split,21-09-2005,0.1,https://www.moneycontrol.com/stocks/company_info/pricechart.php?sc_did=ITC,
64,PIDILITIND,split,20-09-2005,0.1,https://www.moneycontrol.com/stocks/company_info/pricechart.php?sc_did=PI11,
65,DCW,split,20-09-2005,0.2,https://www.moneycontrol.com/stocks/company_info/pricechart.php?sc_did=DCW,
68,BBL,split,09-09-2005,0.1,https://www.moneycontrol.com/stocks/company_info/pricechart.php?sc_did=BB,
69,RAJESHEXPO,split,09-09-2005,0.2,https://www.moneycontrol.com/stocks/company_info/pricechart.php?sc_did=RE07,
70,CASTEXTECH,split,08-09-2005,0.2,https://www.moneycontrol.com/stocks/company_info/pricechart.php?sc_did=AI49,
71,INDTRADECO,split,02-09-2005,0.1,https://www.moneycontrol.com/stocks/company_info/pricechart.php?sc_did=ITD,
72,HINDALCO,split,30-08-2005,0.1,https://www.moneycontrol.com/stocks/company_info/pricechart.php?sc_did=HI,
75,NBVENTURES,split,24-08-2005,0.2,https://www.moneycontrol.com/stocks/company_info/pricechart.php?sc_did=NBV,
76,NCC,split,24-08-2005,0.2,https://www.moneycontrol.com/stocks/company_info/pricechart.php?sc_did=NCC01,
78,OMMETALS,split,22-08-2005,0.1,https://www.moneycontrol.com/stocks/company_info/pricechart.php?sc_did=OMM02,
79,SHASUNPHAR,split,19-08-2005,0.2,https://www.moneycontrol.com/stocks/company_info/pricechart.php?sc_did=SCD,
81,MAZDA,split,18-08-2005,0.2,https://www.moneycontrol.com/stocks/company_info/pricechart.php?sc_did=M14,
82,PRAJIND,split,17-08-2005,0.2,https://www.moneycontrol.com/stocks/company_info/pricechart.php?sc_did=PI17,
83,ORIENTABRA,split,16-08-2005,0.1,https://www.moneycontrol.com/stocks/company_info/pricechart.php?sc_did=OA01,
86,KIRLOSIND,split,10-08-2005,0.2,https://www.moneycontrol.com/stocks/company_info/pricechart.php?sc_did=KOE,
87,KIRLOSBROS,split,10-08-2005,0.2,https://www.moneycontrol.com/stocks/company_info/pricechart.php?sc_did=KB02,
88,GEOMETRIC,split,02-08-2005,0.2,https://www.moneycontrol.com/stocks/company_info/pricechart.php?sc_did=G03,
89,RANBAXY,split,25-07-2005,0.5,https://www.moneycontrol.com/stocks/company_info/pricechart.php?sc_did=RL,
91,FAZETHREE,split,22-07-2005,0.2,https://www.moneycontrol.com/stocks/company_info/pricechart.php?sc_did=FTE,
93,BHARATFORG,split,20-07-2005,0.2,https://www.moneycontrol.com/stocks/company_info/pricechart.php?sc_did=BF03,
97,HCL-INSYS,split,08-07-2005,0.2,https://www.moneycontrol.com/stocks/company_info/pricechart.php?sc_did=HCL,
101,UGARSUGAR,split,29-06-2005,0.1,https://www.moneycontrol.com/stocks/company_info/pricechart.php?sc_did=USW,
105,AMBUJACEM,split,20-06-2005,0.2,https://www.moneycontrol.com/stocks/company_info/pricechart.php?sc_did=AC18,
107,GREENPLY,split,16-06-2005,0.5,https://www.moneycontrol.com/stocks/company_info/pricechart.php?sc_did=GI19,
112,EIDPARRY,split,27-05-2005,0.2,https://www.moneycontrol.com/stocks/company_info/pricechart.php?sc_did=EID,
113,ABAN,split,04-05-2005,0.2,https://www.moneycontrol.com/stocks/company_info/pricechart.php?sc_did=AO04,
114,INDSWFTLTD,split,29-04-2005,0.2,https://www.moneycontrol.com/stocks/company_info/pricechart.php?sc_did=IS02,
115,HEXAWARE,split,28-04-2005,0.2,https://www.moneycontrol.com/stocks/company_info/pricechart.php?sc_did=HT02,
116,RUCHINFRA,split,21-04-2005,0.1,https://www.moneycontrol.com/stocks/company_info/pricechart.php?sc_did=RI27,
119,JBCHEPHARM,split,05-04-2005,0.2,https://www.moneycontrol.com/stocks/company_info/pricechart.php?sc_did=JBC01,
120,BALRAMCHIN,split,23-03-2005,0.1,https://www.moneycontrol.com/stocks/company_info/pricechart.php?sc_did=BCM,
121,SHREEKRPET,split,22-03-2005,0.25,https://www.moneycontrol.com/stocks/company_info/pricechart.php?sc_did=EK01,
122,SHREEKRPOL,split,22-03-2005,0.1,https://www.moneycontrol.com/stocks/company_info/pricechart.php?sc_did=KLT01,
123,STERLINBIO,split,18-03-2005,0.5,https://www.moneycontrol.com/stocks/company_info/pricechart.php?sc_did=SB11,
125,GAMMONIND,split,15-03-2005,0.2,https://www.moneycontrol.com/stocks/company_info/pricechart.php?sc_did=GI03,
126,LCCINFOTEC,split,14-03-2005,0.2,https://www.moneycontrol.com/stocks/company_info/pricechart.php?sc_did=LCC,
128,RICOAUTO,split,11-03-2005,0.1,https://www.moneycontrol.com/stocks/company_info/pricechart.php?sc_did=RA04,
129,PONDYOXIDE,split,09-03-2005,0.2,https://www.moneycontrol.com/stocks/company_info/pricechart.php?sc_did=PO03,
130,BSOFT,split,03-03-2005,0.5,https://www.moneycontrol.com/stocks/company_info/pricechart.php?sc_did=KPI02,
132,VISHALEXPO,split,25-02-2005,0.2,https://www.moneycontrol.com/stocks/company_info/pricechart.php?sc_did=VEO,
133,BHAGYANGR,split,24-02-2005,0.2,https://www.moneycontrol.com/stocks/company_info/pricechart.php?sc_did=BI23,
134,SURANAT&P,split,24-02-2005,0.5,https://www.moneycontrol.com/stocks/company_info/pricechart.php?sc_did=ST12,
135,GEODESIC,split,18-02-2005,0.2,https://www.moneycontrol.com/stocks/company_info/pricechart.php?sc_did=G05,
137,PRASGLOFIN,split,11-02-2005,0.1,https://www.moneycontrol.com/stocks/company_info/pricechart.php?sc_did=SVI01,
139,TRIVENI,split,08-02-2005,0.1,https://www.moneycontrol.com/stocks/company_info/pricechart.php?sc_did=TE10,
140,MERCATOR,split,24-01-2005,0.1,https://www.moneycontrol.com/stocks/company_info/pricechart.php?sc_did=ML02,
143,MATRIXLABS,split,13-01-2005,0.2,https://www.moneycontrol.com/stocks/company_info/pricechart.php?sc_did=ML07,
0,MUNJALAU,split,29-12-2011,0.2,https://www.moneycontrol.com/stocks/company_info/pricechart.php?sc_did=MAI04,
2,DPSCLTD,split,15-12-2011,0.1,https://www.moneycontrol.com/stocks/company_info/pricechart.php?sc_did=DPS,
6,SEZAL,split,09-11-2011,10.0,https://www.moneycontrol.com/stocks/company_info/pricechart.php?sc_did=SAG,
8,METKORE,split,03-11-2011,0.2,https://www.moneycontrol.com/stocks/company_info/pricechart.php?sc_did=GMR02,
9,DSSL,split,03-11-2011,10.0,https://www.moneycontrol.com/stocks/company_info/pricechart.php?sc_did=DSS01,
10,VIPIND,split,31-10-2011,0.2,https://www.moneycontrol.com/stocks/company_info/pricechart.php?sc_did=VIP,
15,CARBORUNIV,split,05-10-2011,0.5,https://www.moneycontrol.com/stocks/company_info/pricechart.php?sc_did=CU,
16,PAISALO,split,04-10-2011,10.0,https://www.moneycontrol.com/stocks/company_info/pricechart.php?sc_did=SEI03,
17,HATSUN,split,03-10-2011,0.5,https://www.moneycontrol.com/stocks/company_info/pricechart.php?sc_did=HAP,
18,BHEL,split,03-10-2011,0.2,https://www.moneycontrol.com/stocks/company_info/pricechart.php?sc_did=BHE,
19,NCOPPER,split,29-09-2011,10.0,https://www.moneycontrol.com/stocks/company_info/pricechart.php?sc_did=NC9,
20,CRISIL,split,28-09-2011,0.1,https://www.moneycontrol.com/stocks/company_info/pricechart.php?sc_did=CRI,
21,TATAPOWER,split,26-09-2011,0.1,https://www.moneycontrol.com/stocks/company_info/pricechart.php?sc_did=TPC,
24,TATAMTRDVR,split,12-09-2011,0.2,https://www.moneycontrol.com/stocks/company_info/pricechart.php?sc_did=TATAM57000,
25,TATAMOTORS,split,12-09-2011,0.2,https://www.moneycontrol.com/stocks/company_info/pricechart.php?sc_did=TM03,
29,NELCAST,split,06-09-2011,0.2,https://www.moneycontrol.com/stocks/company_info/pricechart.php?sc_did=N06,
33,PIIND,split,17-08-2011,0.5,https://www.moneycontrol.com/stocks/company_info/pricechart.php?sc_did=PII,
35,WABAG,split,16-08-2011,0.4,https://www.moneycontrol.com/stocks/company_info/pricechart.php?sc_did=VTW,
38,WINSOME,split,04-08-2011,10.0,https://www.moneycontrol.com/stocks/company_info/pricechart.php?sc_did=WY,
40,RALLIS,split,15-07-2011,0.1,https://www.moneycontrol.com/stocks/company_info/pricechart.php?sc_did=RI03,
41,ORICONENT,split,14-07-2011,0.2,https://www.moneycontrol.com/stocks/company_info/pricechart.php?sc_did=OE03,
42,HDFCBANK,split,14-07-2011,0.2,https://www.moneycontrol.com/stocks/company_info/pricechart.php?sc_did=HDF01,
44,TITAN,split,23-06-2011,0.1,https://www.moneycontrol.com/stocks/company_info/pricechart.php?sc_did=TI01,
45,COX&KINGS,split,21-06-2011,0.5,https://www.moneycontrol.com/stocks/company_info/pricechart.php?sc_did=CK,
46,RASOYPR,split,21-06-2011,0.5,https://www.moneycontrol.com/stocks/company_info/pricechart.php?sc_did=RP22,
47,WINDMACHIN,split,16-06-2011,0.5,https://www.moneycontrol.com/stocks/company_info/pricechart.php?sc_did=WM01,
48,RAIN,split,15-06-2011,0.2,https://www.moneycontrol.com/stocks/company_info/pricechart.php?sc_did=RC12,
55,BAJAJCON,split,05-05-2011,0.2,https://www.moneycontrol.com/stocks/company_info/pricechart.php?sc_did=BC02,
63,NATIONALUM,split,15-03-2011,0.5,https://www.moneycontrol.com/stocks/company_info/pricechart.php?sc_did=NAC,
64,HINDZINC,split,07-03-2011,0.2,https://www.moneycontrol.com/stocks/company_info/pricechart.php?sc_did=HZ,
70,GLODYNE,split,10-02-2011,0.6,https://www.moneycontrol.com/stocks/company_info/pricechart.php?sc_did=GT07,
71,AUROPHARMA,split,10-02-2011,0.2,https://www.moneycontrol.com/stocks/company_info/pricechart.php?sc_did=AP,
72,ONGC,split,08-02-2011,0.5,https://www.moneycontrol.com/stocks/company_info/pricechart.php?sc_did=ONG,
74,CORAL-HUB,split,03-02-2011,10.0,https://www.moneycontrol.com/stocks/company_info/pricechart.php?sc_did=VIT02,
77,ROSSELLIND,split,20-01-2011,0.2,https://www.moneycontrol.com/stocks/company_info/pricechart.php?sc_did=RT08,
78,SHOPERSTOP,split,12-01-2011,0.5,https://www.moneycontrol.com/stocks/company_info/pricechart.php?sc_did=SS51,
79,NTL,split,10-01-2011,0.2,https://www.moneycontrol.com/stocks/company_info/pricechart.php?sc_did=ST18,
0,ZEEL,split,06-12-1999,0.1,https://www.moneycontrol.com/stocks/company_info/pricechart.php?sc_did=ZEE,
1,WIPRO,split,27-09-1999,0.2,https://www.moneycontrol.com/stocks/company_info/pricechart.php?sc_did=W,
1,JYOTHYLAB,split,12-12-2008,0.2,https://www.moneycontrol.com/stocks/company_info/pricechart.php?sc_did=JL,
3,SBT,split,05-12-2008,0.1,https://www.moneycontrol.com/stocks/company_info/pricechart.php?sc_did=SBT,
6,SHRIDINESH,split,20-11-2008,0.1,https://www.moneycontrol.com/stocks/company_info/pricechart.php?sc_did=SDM,
7,NECLIFE,split,12-11-2008,0.1,https://www.moneycontrol.com/stocks/company_info/pricechart.php?sc_did=NL01,
8,JINDRILL,split,06-11-2008,0.5,https://www.moneycontrol.com/stocks/company_info/pricechart.php?sc_did=JDI,
9,RATNAMANI,split,06-11-2008,0.2,https://www.moneycontrol.com/stocks/company_info/pricechart.php?sc_did=RMT,
11,TIMETECHNO,split,29-10-2008,0.1,https://www.moneycontrol.com/stocks/company_info/pricechart.php?sc_did=TT03,
13,GET&D,split,22-10-2008,0.2,https://www.moneycontrol.com/stocks/company_info/pricechart.php?sc_did=ATD,
14,CCHHL,split,15-10-2008,0.2,https://www.moneycontrol.com/stocks/company_info/pricechart.php?sc_did=CCI06,
15,AIAENG,split,13-10-2008,0.2,https://www.moneycontrol.com/stocks/company_info/pricechart.php?sc_did=AIE01,
16,SBBJ,split,07-10-2008,0.1,https://www.moneycontrol.com/stocks/company_info/pricechart.php?sc_did=SBB02,
17,PROVOGE,split,03-10-2008,0.2,https://www.moneycontrol.com/stocks/company_info/pricechart.php?sc_did=PI31,
18,RAMCOCEM,split,01-10-2008,0.1,https://www.moneycontrol.com/stocks/company_info/pricechart.php?sc_did=MC,
19,TAKE,split,18-09-2008,0.1,https://www.moneycontrol.com/stocks/company_info/pricechart.php?sc_did=TS09,
21,HERCULES,split,17-09-2008,0.1,https://www.moneycontrol.com/stocks/company_info/pricechart.php?sc_did=HH01,
22,GEMINI,split,17-09-2008,0.2,https://www.moneycontrol.com/stocks/company_info/pricechart.php?sc_did=GC17,
23,ERAINFRA,split,17-09-2008,0.2,https://www.moneycontrol.com/stocks/company_info/pricechart.php?sc_did=EIE01,
25,AICHAMP,split,11-09-2008,0.5,https://www.moneycontrol.com/stocks/company_info/pricechart.php?sc_did=AIC02,
26,JMFINANCIL,split,08-09-2008,0.1,https://www.moneycontrol.com/stocks/company_info/pricechart.php?sc_did=JMF,
27,JTEKTINDIA,split,02-09-2008,0.5,https://www.moneycontrol.com/stocks/company_info/pricechart.php?sc_did=SKS04,
29,KOKUYOCMLN,split,22-08-2008,0.1,https://www.moneycontrol.com/stocks/company_info/pricechart.php?sc_did=C02,
31,IIFL,split,08-08-2008,0.2,https://www.moneycontrol.com/stocks/company_info/pricechart.php?sc_did=II15,
32,VEDL,split,08-08-2008,0.1,https://www.moneycontrol.com/stocks/company_info/pricechart.php?sc_did=SG,
35,MOTILALOFS,split,25-07-2008,0.2,https://www.moneycontrol.com/stocks/company_info/pricechart.php?sc_did=MOF01,
36,HATSUN,split,17-07-2008,0.2,https://www.moneycontrol.com/stocks/company_info/pricechart.php?sc_did=HAP,
37,MALCO,split,17-07-2008,0.2,https://www.moneycontrol.com/stocks/company_info/pricechart.php?sc_did=MAC01,
38,TRICOM,split,15-07-2008,0.2,https://www.moneycontrol.com/stocks/company_info/pricechart.php?sc_did=TI29,
41,BIRLAMONEY,split,11-07-2008,0.1,https://www.moneycontrol.com/stocks/company_info/pricechart.php?sc_did=ABM01,
42,EASTSILK,split,27-06-2008,0.2,https://www.moneycontrol.com/stocks/company_info/pricechart.php?sc_did=ESI06,
43,MIC,split,27-06-2008,0.2,https://www.moneycontrol.com/stocks/company_info/pricechart.php?sc_did=ME12,
47,TANLA,split,02-05-2008,0.5,https://www.moneycontrol.com/stocks/company_info/pricechart.php?sc_did=TS11,
48,EVINIX,split,29-04-2008,0.1,https://www.moneycontrol.com/stocks/company_info/pricechart.php?sc_did=EA01,
50,CENTURYPLY,split,24-04-2008,0.1,https://www.moneycontrol.com/stocks/company_info/pricechart.php?sc_did=CP9,
51,NMDC,split,10-04-2008,0.1,https://www.moneycontrol.com/stocks/company_info/pricechart.php?sc_did=NMD02,
52,RENUKA,split,10-04-2008,0.1,https://www.moneycontrol.com/stocks/company_info/pricechart.php?sc_did=SRS03,
53,KGL,split,04-04-2008,0.1,https://www.moneycontrol.com/stocks/company_info/pricechart.php?sc_did=KG03,
56,GANDHITUBE,split,17-03-2008,0.5,https://www.moneycontrol.com/stocks/company_info/pricechart.php?sc_did=GST,
57,EMCO,split,14-03-2008,0.2,https://www.moneycontrol.com/stocks/company_info/pricechart.php?sc_did=E05,
58,ACE,split,13-03-2008,0.2,https://www.moneycontrol.com/stocks/company_info/pricechart.php?sc_did=ACE3,
59,3PLAND,split,11-03-2008,0.2,https://www.moneycontrol.com/stocks/company_info/pricechart.php?sc_did=PI36,
60,MARKSANS,split,11-03-2008,0.1,https://www.moneycontrol.com/stocks/company_info/pricechart.php?sc_did=MP21,
61,BLISSGVS,split,11-03-2008,0.1,https://www.moneycontrol.com/stocks/company_info/pricechart.php?sc_did=BGV,
62,PTL,split,25-02-2008,0.2,https://www.moneycontrol.com/stocks/company_info/pricechart.php?sc_did=PTL06,
63,WALCHANNAG,split,25-02-2008,0.2,https://www.moneycontrol.com/stocks/company_info/pricechart.php?sc_did=WI01,
64,TV18BRDCST,split,21-02-2008,0.2,https://www.moneycontrol.com/stocks/company_info/pricechart.php?sc_did=IBN,
67,PHOENIXLTD,split,13-02-2008,0.2,https://www.moneycontrol.com/stocks/company_info/pricechart.php?sc_did=PM02,
68,GVKPIL,split,08-02-2008,0.1,https://www.moneycontrol.com/stocks/company_info/pricechart.php?sc_did=GVK,
69,SANWARIA,split,04-02-2008,0.5,https://www.moneycontrol.com/stocks/company_info/pricechart.php?sc_did=SAO,
70,GFLLIMITED,split,01-02-2008,0.5,https://www.moneycontrol.com/stocks/company_info/pricechart.php?sc_did=GF07,
71,ORIENTPPR,split,01-02-2008,0.1,https://www.moneycontrol.com/stocks/company_info/pricechart.php?sc_did=OPI,
73,RAJESHEXPO,split,29-01-2008,0.5,https://www.moneycontrol.com/stocks/company_info/pricechart.php?sc_did=RE07,
75,CUB,split,23-01-2008,0.1,https://www.moneycontrol.com/stocks/company_info/pricechart.php?sc_did=CUB,
77,CINEVISTA,split,22-01-2008,0.2,https://www.moneycontrol.com/stocks/company_info/pricechart.php?sc_did=C97,
78,SUZLON,split,21-01-2008,0.2,https://www.moneycontrol.com/stocks/company_info/pricechart.php?sc_did=SE17,
79,JINDALSTEL,split,21-01-2008,0.2,https://www.moneycontrol.com/stocks/company_info/pricechart.php?sc_did=JSP,
80,DELTACORP,split,15-01-2008,0.1,https://www.moneycontrol.com/stocks/company_info/pricechart.php?sc_did=DC11,
81,CLASSIC,split,11-01-2008,0.2,https://www.moneycontrol.com/stocks/company_info/pricechart.php?sc_did=CDI,
83,JAGRAN,split,09-01-2008,0.2,https://www.moneycontrol.com/stocks/company_info/pricechart.php?sc_did=JP12,
